0.0 13.074351584096547 2.556790134533586 0.2556790134533586 0.007715309167849088 2.4593492992296735 0.35755046855826844
0.1 12.651203872160389 2.5150749364740994 0.5071865071007686 0.015304739545069276 2.424033601331293 0.34883463827832717
0.2 12.25072731698042 2.4749472031722637 0.7546812274179949 0.02277308142759956 2.3895686947909742 0.3405292284020251
0.30000000000000004 11.871165978865385 2.436305192177838 0.9983117466357787 0.030124818095778216 2.3559151052800686 0.332603431935424
0.4 11.510940665158838 2.399056133686625 1.238217360004441 0.03736415288998632 2.3230362819768127 0.3250295180816229
0.5 11.168627237524552 2.3631152360310903 1.47452888360755 0.0444950332852834 2.290898309227147 0.317782456426991
0.6000000000000001 10.842938037532997 2.3284048227845817 1.7073693658860085 0.0515211723621893 2.25946965301617 0.3108395949261516
0.7000000000000001 10.532705919832578 2.2948535813677284 1.9368547240227814 0.05844606801007853 2.228720937324038 0.304180382909843
0.8 10.236870475597016 2.262395906511172 2.1630943146738986 0.06527302014942339 2.1986247462347244 0.29778613193859294
0.9 9.954466103558428 2.2309713247326184 2.3861914471471604 0.07200514621735268 2.1691554483175315 0.2916398086035649
1.0 9.684611645871989 2.20052398826643 2.6062438459738035 0.07864539512610441 2.1402890403378256 0.2857258544037491
1.1 9.426501354453922 2.1710022287475805 2.8233440688485616 0.08519655987468577 2.1120030077976097 0.2800300286593058
1.2000000000000002 9.179396992706609 2.1423581624820125 3.037579885096763 0.09166128896940634 2.08427620017564 0.27453927109546855
1.3 8.942620909565399 2.1145473403976323 3.2490346191365265 0.09804209678811177 2.0570887190449443 0.2692415812818862
1.4000000000000001 8.715549949028501 2.0875284368157123 3.4577874628180973 0.10434137300526126 2.0304218175037816 0.2641259125635
1.5 8.497610079906247 2.0612629720521163 3.6639137600233087 0.1105613911799335 2.0042578095733266 0.259182078490496
1.6 8.288271648348172 2.0357150645839623 3.8674852664817045 0.116704316595976 1.978579988398764 0.2544006700619295
1.7000000000000002 8.087045170487059 2.0108512091260082 4.068570387394305 0.12277221343248365 1.9533725522458845 0.24977298235243706
1.8 7.893477594844591 1.9866400774730926 4.267234395141615 0.12876705133330363 1.9286205374174088 0.24529094930374018
1.9000000000000001 7.70714897442534 1.9630523393971617 4.463539629081331 0.1346907114360838 1.9043097573259464 0.240947085640131
2.0 7.527669497048064 1.940060501253513 4.657545679206682 0.14054499191430286 1.8804267470569236 0.23673443501605518
2.1 7.354676829717462 1.917638760261883 4.84930955523287 0.14633161307958292 1.8569587128375573 0.23264652362927443
2.2 7.187833738963341 1.89576287269312 5.038885842502182 0.15205222208624483 1.8338934858991522 0.22867731863897908
2.3000000000000003 7.026825954259469 1.8744100344187593 5.226326845944058 0.15770839727541322 1.8112194802814665 0.22482119081793261
2.4000000000000004 6.87136024603864 1.8535587724750786 5.411682723191565 0.16330165219190748 1.7889256541810603 0.22107288094396335
2.5 6.721162693571958 1.8331888464601727 5.595001607837583 0.16883343930359118 1.7670014744916744 0.2174274695010873
2.6 6.575977121185231 1.8132811587265267 5.776329723710235 0.17430515344972028 1.7454368842248167 0.21388034931607536
2.7 6.435563684030253 1.7938176724559067 5.955711490955826 0.1797181350420767 1.7242222725337109 0.21042720080385763
2.8000000000000003 6.299697586986162 1.7747813368111243 6.133189624636938 0.18507367304024103 1.703348447094318 0.20706396953604
2.9000000000000004 6.168167922295777 1.7561560184527707 6.308805226482216 0.1903730077202122 1.6828066086239253 0.20378684588202234
3.0 6.040776613293627 1.7379264387904378 6.48259787036126 0.19561733325367772 1.662588327341279 0.20059224650261342
3.1 5.917337453097875 1.720078116408943 6.6546056820021535 0.2008078001135506 1.6426855211929035 0.1974767975023518
3.2 5.797675228452662 1.7025973141721829 6.824865413419372 0.20594551731988836 1.6230904356884677 0.19443731906957173
3.3000000000000003 5.681624920049422 1.685470990561603 6.9934125124755315 0.21103155453897196 1.6037956252041248 0.19147081145309947
3.4000000000000004 5.569030971650494 1.668686754854022 7.160281187960933 0.21606694404713045 1.5847939356269958 0.18857444214175612
3.5 5.459746621206619 1.6522328257855516 7.325504470539489 0.22105268256983088 1.5660784882265677 0.1857455341279434
3.6 5.353633287918975 1.6360979933853252 7.48911426987802 0.22598973300559844 1.5476426646499712 0.1829815551497923
3.7 5.250560009861966 1.6202715836954564 7.651141428247566 0.2308790260434767 1.5294800929480812 0.18028010781793585
3.8000000000000003 5.150402927366856 1.604743426122515 7.811615770859817 0.23572146168196806 1.5115846345482327 0.1776389205431324
3.9000000000000004 5.053044807880324 1.5895038231914267 7.970566153178959 0.24051791065670455 1.4939503720972855 0.17505583918991402
4.0 4.958374608464551 1.574543522495417 8.1280205054285 0.24526921578347527 1.4765715981058443 0.17252881938931774
4.1000000000000005 4.866287072505231 1.5598536906558305 8.284005874494083 0.24997619322267584 1.4594428043307737 0.17005591945072204
4.2 4.776682357547151 1.5454258891236343 8.438548463406446 0.25463963367073666 1.4425586718388446 0.16763529381896983
4.3 4.689465691490011 1.5312520516704642 8.591673668573494 0.2592603034836293 1.4259140616994372 0.1652651870284122
4.4 4.604547054654782 1.5173244634314018 8.743406114916635 0.26383894573713185 1.4095040062588269 0.162943928110353
4.5 4.521840885477587 1.5036357413744839 8.893769689054082 0.2683762812281609 1.393323700952707 0.16066992541467406
4.6000000000000005 4.441265807807649 1.4901788160834337 9.042787570662425 0.2728730094211302 1.3773684966173265 0.15844166181025265
4.7 4.362744377981475 1.4769469147504042 9.190482262137465 0.27732980934298956 1.3616338922629962 0.15625769023219788
4.800000000000001 4.2862028500200795 1.4639335452847713 9.336875616665942 0.28174734043031047 1.3461155282767439 0.1541166295469782
4.9 4.211570957452134 1.451132481452354 9.481988864811177 0.28612624333152775 1.330809180023666 0.1520171607092417
5.0 4.13878171040561 1.438537748966917 9.62584263970787 0.29046714066721235 1.3157107518190125 0.1499580231865665
5.1000000000000005 4.06777120673569 1.4261436124625897 9.768457000954129 0.2947706377510312 1.3008162712453049 0.1479380116305677
5.2 3.998478456069094 1.4139445632819367 9.909851457282322 0.29903732327385746 1.2861218837908548 0.1459559727747508
5.300000000000001 3.930845215745864 1.4019353080199286 10.050044988084316 0.3032677699533112 1.2716238477879067 0.14401080254126436
5.4 3.864815837730602 1.390110757769071 10.189056063861223 0.30746253515084576 1.2573185296303464 0.14210144334029406
5.5 3.8003371256468292 1.3784660180154658 10.326902665662768 0.31162216145834604 1.2432023992524597 0.14022688154726992
5.6000000000000005 3.7373582011620923 1.3669963791396984 10.463602303576737 0.31574717725606105 1.2292720258516485 0.13838614514434983
5.7 3.6758303790179414 1.3556973074801657 10.599172034324754 0.3198380972435704 1.2155240738393087 0.13657830151380695
5.800000000000001 3.6157070500592394 1.3445644369198597 10.73362847801674 0.3238954229453625 1.2019552990052447 0.13480245537200414
5.9 3.5569435716717166 1.3335935609607068 10.86698783411281 0.32791964319249733 1.1885625448820947 0.13305774683359023
6.0 3.499497165086113 1.3227806252523722 10.999265896638049 0.33191123458172356 1.175342739297227 0.13134334959641933
6.1000000000000005 3.4433268190520168 1.3121217205450142 11.130478068692549 0.33587066191333026 1.1622928911004695 0.12965846923847785
6.2 3.388393199425213 1.3016130760378088 11.26063937629633 0.3397983786089279 1.1494100870568866 0.12800234161881507
6.300000000000001 3.3346585642492723 1.2912510530972032 11.38976448160605 0.3436948271102723 1.1366914888945698 0.12637423137512172
6.4 3.282086683945801 1.2810321393208293 11.517867695538133 0.3475604392601777 1.1241343304981237 0.12477343051118947
6.5 3.230642766258316 1.2709529429247794 11.64496298983061 0.35139563666649165 1.1117359152391706 0.1231992570680202
6.6000000000000005 3.1802933856227105 1.2610101874336128 11.771064008573973 0.35520083105004735 1.0994936134358082 0.12165105387284342
6.7 3.1310064166626743 1.2512007066539472 11.896184079239367 0.35897642457744783 1.0874048599334878 0.1201281873607471
6.800000000000001 3.0827509715317287 1.2415214399138923 12.020336223230757 0.3627228101794856 1.0754671518003047 0.11863004646403291
6.9 3.0354973408447976 1.231969427551836 12.14353316598594 0.36644037185594847 1.06367804613016 0.11715604156478224
7.0 2.989216937961658 1.2225418066392777 12.265787346649867 0.37012948496751935 1.0520351579476752 0.11570560350645778
7.1000000000000005 2.94388224640247 1.2132358069234666 12.387110927342214 0.373790516515432 1.0405361582091621 0.11427818266067945
7.2 2.899466770191855 1.2040487469766028 12.507515802039874 0.3774238254095077 1.0291787718943026 0.11287324804559895
7.300000000000001 2.855944986943024 1.1949780305392697 12.6270136050938 0.38102976272515665 1.017960776183552 0.11149028649256013
7.4 2.8132923035071404 1.1860211430466028 12.745615719398462 0.3846086719498982 1.0068799987165915 0.11012880185797325
7.5 2.7714850140257785 1.1771756483264888 12.86333328423111 0.38816088921991626 0.9959343159274506 0.10878831427755262
7.6000000000000005 2.73050026023592 1.1684391854597995 12.980177202777089 0.39168674354714145 0.985121651452199 0.10746835946027149
7.7 2.6903159938876264 1.1598094657933316 13.096158149356421 0.395186557037319 0.9744399746053622 0.10616848801957471
7.800000000000001 2.6509109411443528 1.151284270096737 13.211286576366096 0.39866064509949706 0.9638872989214456 0.10488826483956262
7.9 2.6122645688449606 1.142861445855306 13.325572720951627 0.4021093166473467 0.9534616807581853 0.10362726847401948
8.0 2.5743570525147987 1.134538904690976 13.439026611420724 0.405532874292699 0.9431612179583313 0.10238509057630482
8.1 2.537169246020999 1.1263146199044474 13.551658073411168 0.40893161453166527 0.9329840485669814 0.1011613353582641
8.200000000000001 2.500682652774207 1.1181866241317249 13.663476735824341 0.41230582792368603 0.922928349601642 0.09995561907643734
8.3 2.4648793983855994 1.11015300710884 13.774492036535225 0.41565579926383456 0.912992335872371 0.0987675695439628
8.4 2.4297422046940786 1.10221191353888 13.884713227889112 0.4189818077486843 0.9031742588495089 0.09759682566667735
8.5 2.395254365084234 1.0943615410558418 13.994149381994696 0.42228412713603203 0.8934724055766476 0.09644303700201629
8.6 2.361399721020832 1.0866001382801385 14.10280939582271 0.42556302589875283 0.8838850976266267 0.09530586333940559
8.700000000000001 2.3281626397304507 1.0789260029609191 14.2107019961188 0.42881876737305 0.8744106900984625 0.09418497430092518
8.8 2.295527992965369 1.071337480200653 14.317835744138865 0.43205160990134783 0.865047570653251 0.09308004896110086
8.9 2.263481136788969 1.0638329607576955 14.424219040214636 0.43526180697006084 0.8557941585871746 0.09199077548475518
9.0 2.232007892325783 1.056410879422818 14.529860128156919 0.4384496073424654 0.8466489039398659 0.09091685078191555
9.1 2.2010945274229052 1.0490697134659128 14.63476709950351 0.4416152551868837 0.8376102866364667 0.08985798017884167
9.200000000000001 2.170727739172822 1.0418079811493148 14.73894789761844 0.44475899020038173 0.828676815661815 0.0888138771042918
9.3 2.14089463725082 1.0346242403043773 14.842410321648877 0.44788104772817156 0.8198470282652773 0.0877842627902034
9.4 2.111582728023021 1.027517086968149 14.945162030345692 0.45098165887889985 0.8111194891948259 0.08676886598601291
9.5 2.082779899383779 1.0204851540771622 15.047210545753408 0.45406105063599517 0.8024927899590313 0.08576742268588822
9.600000000000001 2.054474406283689 1.0135271102155305 15.148563256774962 0.4571194459652371 0.793965548115716 0.08477967586819031
9.700000000000001 2.026654856911776 1.0066416584146953 15.249227422616432 0.46015706391870387 0.7855364065860766 0.08380537524652257
9.8 1.9993101994976288 0.9998275350023195 15.349210176116664 0.4631741197352457 0.7772040329931463 0.08284427703176359
9.9 1.9724297097012728 0.9930835084979693 15.44851852696646 0.466170824937627 0.7689671190235303 0.08189614370451581
10.0 1.9460029785604607 0.9864083785533405 15.547159364821793 0.4691473874264697 0.7608243798113963 0.08096074379743598
10.100000000000001 1.9200199009668488 0.9798009749349224 15.645139462315285 0.4721040115711267 0.7527745533437604 0.08003785168694322
10.200000000000001 1.894470664644191 0.9732601565471051 15.742465477969995 0.47504089829760804 0.744816399886153 0.0791272473938317
10.3 1.8693457396031905 0.9667848104938324 15.83914395901938 0.477958245173675 0.7369487014277953 0.07822871639234007
10.4 1.8446358680491626 0.9603738511770201 15.935181344137082 0.48085624649121383 0.7291702611454653 0.07734204942725709
10.5 1.8203320547199675 0.9540262194300447 16.030583966080084 0.48373509334599474 0.721479902885268 0.076467042338666
10.600000000000001 1.7964255576329673 0.9477408816846953 16.125358054248554 0.4865949737149173 0.7138764706615643 0.0756034958939521
10.700000000000001 1.7729078792209412 0.9415168291700742 16.219509737165563 0.4894360725308376 0.7063588281723516 0.07475121562672019
10.8 1.7497707578380253 0.9353530771420023 16.31304504487976 0.49225857175507126 0.698925858330419 0.07391001168228696
10.9 1.727006159617776 0.9292486641415676 16.40596991129392 0.49506265044765857 0.691576462809642 0.07307969866943262
11.0 1.7046062706664387 0.9232026512815154 16.49829017642207 0.49784848483547556 0.6843095616057968 0.07226009551811327
11.100000000000001 1.682563489575437 0.9172141215592565 16.590011588577994 0.5006162483782731 0.6771240926113206 0.07145102534285133
11.200000000000001 1.6608704202379525 0.9112821791953227 16.681139806497526 0.5033661118327196 0.670019011203458 0.07065231531153707
11.3 1.63951986495528 0.9054059489961617 16.771680401397145 0.5060982433145198 0.6629932898452695 0.06986379651938834
11.4 1.618504817819422 0.8995845757402197 16.861638858971165 0.5088128083586821 0.6560459176989932 0.06908530386782943
11.5 1.5978184583590769 0.8938172235863093 16.951020581329796 0.5115099699780009 0.6491759002512854 0.06831667594806189
11.600000000000001 1.5774541454368836 0.8881030755033121 17.03983088888013 0.5141898887198165 0.6423822589498756 0.06755775492911306
11.700000000000001 1.5574054113863982 0.8824413327203112 17.128075022152156 0.516852722721117 0.6356640308512029 0.06680838645015864
11.8 1.5376659563778905 0.8768312141962928 17.215758143571787 0.5194986277620401 0.6290202682786157 0.06606841951692616
11.9 1.5182296430026048 0.8712719561085978 17.302885339182648 0.5221277573178302 0.6224500384907303 0.06533770640199651
12.0 1.4990904910656662 0.8657628113593429 17.38946162031858 0.5247402626093065 0.6159524233595776 0.06461610254882988
12.100000000000001 1.4802426725783173 0.8603030490990711 17.475491925228486 0.5273362926518947 0.6095265190581627 0.06390346647935127
12.200000000000001 1.4616805069406287 0.8548919542669204 17.56098112065518 0.52991599430327 0.6031714357570978 0.06319965970493902
12.3 1.4433984563062963 0.8495288271466414 17.64593400336984 0.5324795123096596 0.5968862973299709 0.06250454664066796
12.4 1.4253911211215315 0.8442129829378163 17.73035530166362 0.5350269893508542 0.590670241067134 0.061817994522665745
12.5 1.4076532358304765 0.8389437513416726 17.81424967679779 0.5375585660839666 0.5845224173976051 0.06113987332844842
12.600000000000001 1.3901796647399185 0.8337204761609008 17.897621724413877 0.5400743811859835 0.5784419896187929 0.060470055700107356
12.700000000000001 1.3729653980364716 0.8285425149129257 17.980475975905172 0.5425745713951524 0.572428133633767 0.05980841687022674
12.8 1.356005547949688 0.8234092384560936 18.062816899750782 0.5450592715512373 0.5664800376958007 0.0591548345904154
12.9 1.3392953450549088 0.818320030628271 18.144648902813607 0.5475286146346862 0.5605969021599407 0.05850918906234413
13.0 1.3228301347099478 0.8132742878973698 18.225976331603345 0.5499827318047429 0.554777939241345 0.05787136287118308
13.100000000000001 1.3066053736199899 0.8082714190233345 18.306803473505678 0.5524217524365393 0.5490223727801677 0.057241240921340183
13.200000000000001 1.2906166265253516 0.8033108447311512 18.387134557978793 0.5548458041572011 0.5433294380127545 0.05661871037440576
13.3 1.2748595630070059 0.7983919973944522 18.466973757718236 0.5572550128809973 0.5376983813489388 0.056003660589212634
13.4 1.2593299544050154 0.7935143207293159 18.54632518979117 0.5596495028435688 0.5321284601552297 0.05539598306392597
13.5 1.2440236708452481 0.7886772694978752 18.625192916740954 0.5620293966352589 0.5266189425436932 0.05479557138008082
13.600000000000001 1.2289366783699498 0.78388030922136 18.70358094766309 0.5643948152335809 0.5211691071663348 0.05420232114848873
13.700000000000001 1.2140650361679788 0.7791229159022275 18.781493239253315 0.5667458780348454 0.5157782430148011 0.05361612995693908
13.8 1.1994048939006727 0.7744045757550354 18.858933696828817 0.5690827028849761 0.510445649225225 0.053036897319623674
13.9 1.1849524891195282 0.7697247849457389 18.935906175323392 0.5714054061095393 0.505170634888046 0.05246452462821693
14.0 1.170704144772025 0.7650830493390979 19.012414480257302 0.5737141025430105 0.49995251886263953 0.05189891510454623
14.100000000000001 1.1566562667921125 0.7604788842538998 19.08846236868269 0.5760089055573024 0.49479062959660614 0.051339973754791025
14.200000000000001 1.142805341772017 0.7559118142257127 19.164053550105262 0.578289927089578 0.489684304949563 0.05078760732515093
14.3 1.1291479347121847 0.7513813727768958 19.239191687382956 0.5805572776693684 0.48463289202130133 0.05024172425892675
14.4 1.115680686846322 0.7468871021936053 19.313880397602315 0.5828110664450176 0.47963574698416367 0.04970223465495987
14.5 1.1024003135386198 0.742428553309549 19.38812325293327 0.5850514012094769 0.4746922349195145 0.04916905022737873
14.600000000000001 1.0893036022503793 0.7380052852962434 19.461923781462893 0.5872783884254635 0.46980172965817035 0.0486420842666027
14.700000000000001 1.076387410573387 0.7336168654595486 19.535285468008848 0.5894921332500075 0.46496361362467153 0.048121251601556156
14.8 1.0636486643274885 0.7292628690422571 19.60821175491307 0.5916927395584012 0.4601772776852704 0.04760646856304758
14.9 1.05108435571993 0.7249428790325242 19.680706042816325 0.5938803099675725 0.4554421209995284 0.04709765294827026
15.0 1.0386915415641451 0.7206564859779399 19.752771691414118 0.5960549458588947 0.45075755087540725 0.046594723986383424
15.100000000000001 1.0264673415557446 0.7164032878050409 19.82441202019462 0.5982167474004545 0.4461229826277483 0.0460976023051337
15.200000000000001 1.0144089366035933 0.7121828896440834 19.89563030915903 0.6003658135687885 0.4415378394400436 0.045606209898479445
15.3 1.002513567213914 0.7079949036588873 19.966429799524917 0.6025022421701083 0.43700155222938986 0.04512047009518113
15.4 0.9907785319254735 0.7038389488815866 20.036813694413077 0.6046261298610258 0.4325135595145423 0.044640307528323125
15.5 0.979201185793969 0.699714651052116 20.10678515951829 0.6067375721687949 0.42807330728696746 0.04416564810573344
15.600000000000001 0.9677789389238218 0.6956216424622734 20.176347323764517 0.6088366635110816 0.42368024888481154 0.04369641898126932
15.700000000000001 0.9565092550456548 0.6915595618042074 20.245503279944938 0.610923497215278 0.4193338448696989 0.04323254852693814
15.8 0.9453896501378005 0.6875280540231796 20.314256085347253 0.6129981655373716 0.41503356290627746 0.04277396630582399
15.9 0.9344176910902607 0.683526770174461 20.3826087623647 0.6150607596803827 0.41077887764443066 0.04232060304579173
16.0 0.9235909944095975 0.6795553672842256 20.450564299093124 0.6171113698123815 0.40656927060408443 0.04187239061394154
16.1 0.9129072249632968 0.6756135082143107 20.518125649914552 0.6191500850840982 0.40240423006253023 0.0414292619917878
16.2 0.902364094762211 0.6717008615307155 20.585295736067625 0.6211769936461361 0.3982832509441955 0.04099115125113742
16.3 0.8919593617797328 0.6678171013757183 20.652077446205197 0.6231921826657975 0.39420583471279114 0.04055799353064357
16.400000000000002 0.8816908288064204 0.6639619073434937 20.71847363693955 0.6251957383435358 0.3901714892657733 0.04012972501301193
16.5 0.8715563423388332 0.66013496435912 20.78448713337546 0.6271877459290417 0.3861797288310514 0.0397062829028372
16.6 0.8615537915013859 0.6563359625608618 20.850120729631545 0.6291682897369747 0.382230073865881 0.039287605405048706
16.7 0.8516811070000927 0.6525645971856322 20.91537718935011 0.6311374531623486 0.37832205095788435 0.038873631703944665
16.8 0.8419362601070925 0.6488205684575253 20.98025924619586 0.6330953186955799 0.3744551927281369 0.03846430194279555
16.900000000000002 0.8323172616749142 0.6451035814793289 21.044769604343795 0.635041967937211 0.37062903773626876 0.03805955720399763
17.0 0.8228221611794584 0.6414133461269178 21.108910938956484 0.6369774816123123 0.3668431303875199 0.037659339489758574
17.1 0.8134490457907317 0.6377495769464421 21.17268589665113 0.6389019395845754 0.36309702084170514 0.03726359170329756
17.2 0.8041960394703959 0.6341119930542222 21.236097095956552 0.640815420870104 0.35939026492403114 0.03687225763054351
17.3 0.7950613020952277 0.6305003180392647 21.299147127760477 0.6427180036509107 0.3557224240377206 0.03648528192231473
17.400000000000002 0.7860430286056345 0.6269142798683224 21.361838555747312 0.644609765288127 0.3520930650783951 0.036102610076965004
17.5 0.7771394481783801 0.6233536107934164 21.424173916826653 0.6464907823349343 0.34850176035017 0.035724188423480685
17.6 0.7683488234227303 0.6198180472617469 21.48615572155283 0.6483611305492234 0.34494808748341843 0.0353499641050148
17.7 0.7596694495992458 0.6163073298279219 21.547786454535622 0.650220884905989 0.34143162935416 0.03497988506284411
17.8 0.7510996538604731 0.6128212030684289 21.609068574842464 0.6520701196094655 0.3379519740050332 0.03461390002073573
17.900000000000002 0.7426377945128305 0.6093594154982881 21.670004516392293 0.6539089081050128 0.3345087145678126 0.03425195846971074
18.0 0.7342822602989917 0.6059217194898164 21.730596688341276 0.6557373230907549 0.3311014491874275 0.033894010653191975
18.1 0.7260314697001101 0.6025078711934435 21.79084747546062 0.6575554365289812 0.3277297809474499 0.03354000755252449
18.2 0.7178838702572448 0.5991176304605151 21.85075923850667 0.6593633196573143 0.32439331779701147 0.03318990087285696
18.3 0.7098379379113712 0.5957507607680292 21.910334314583473 0.6611610429996508 0.3210916724791131 0.03284364302937296
18.400000000000002 0.7018921763613877 0.5924070291452439 21.969575017498 0.66294867637688 0.31782446246029733 0.032501187133861464
18.5 0.694045116439545 0.5890862061021057 22.02848363810821 0.6647262889173877 0.3145913098616439 0.03216248698161635
18.6 0.6862953155037465 0.5857880655594421 22.087062444664156 0.6664939490673483 0.3113918413910625 0.03182749703865472
18.7 0.678641356846196 0.5825123847808714 22.14531368314224 0.6682517246008124 0.3082256882768457 0.03149617242924487
18.8 0.6710818491178712 0.5792589443063746 22.203239577572877 0.6699996826295931 0.30509248620245477 0.031168468923734077
18.900000000000002 0.663615425768338 0.5760275278874865 22.260842330361626 0.6717378896129577 0.301991875242509 0.03084434292666787
19.0 0.6562407445004281 0.5728179224240579 22.318124122604033 0.6734664113671269 0.2989234997999476 0.030523751465191894
19.1 0.648956486739315 0.5696299179025427 22.375087114394287 0.67518531307459 0.29588700854433714 0.030206652177727798
19.200000000000003 0.6417613571155544 0.5664633073357683 22.43173344512786 0.6768946592932364 0.29288205435130155 0.02989300330291576
19.3 0.6346540829616575 0.5633178867041493 22.488065233798277 0.6785945139653115 0.2899082942430402 0.029582763668815314
19.400000000000002 0.6276334138217794 0.5601934548982964 22.544084579288107 0.6802849404261966 0.28696538932991544 0.02927589268235712
19.5 0.6206981209741373 0.5570898136629934 22.599793560654405 0.6819660014130239 0.28405300475308454 0.02897235031903881
19.6 0.6138469969657591 0.5540067675424909 22.655194237408654 0.6836377590731225 0.2811708096281463 0.02867209711285737
19.700000000000003 0.6070788551592038 0.5509441238270918 22.710288649791366 0.6853002749723054 0.2783184769897854 0.02837509414647168
19.8 0.6003925292908876 0.5479016925009849 22.765078819041463 0.686953610102998 0.27549568373739025 0.028081303041588672
19.900000000000002 0.5937868730406701 0.5448792861912949 22.81956674766059 0.6885978248922144 0.2727021105816173 0.027790685949566518
20.0 0.5872607596123725 0.5418767201183182 22.873754419672423 0.6902329792093815 0.26993744199188907 0.027503205542229174
20.1 0.5808130813248923 0.5388938120469061 22.927643800877114 0.6918591323740177 0.26720136614479684 0.027218825002885895
20.200000000000003 0.5744427492136193 0.535930382238971 22.981236839101012 0.6934763431632684 0.2644935748733939 0.026937508017550543
20.3 0.5681486926418318 0.5329862534070798 23.034535464441717 0.6950846698193001 0.2618137636173551 0.02665921876635476
20.400000000000002 0.561929858921796 0.5300612506691071 23.087541589508632 0.6966841700565596 0.2591616313739871 0.02638392191514978
20.5 0.5557852129452815 0.5271552015039221 23.14025710965902 0.6982749010688974 0.2565368806500685 0.026111582607291912
20.6 0.5497137368232169 0.5242679357080771 23.19268390322983 0.6998569195365634 0.25393921741450265 0.025842166455606448
20.700000000000003 0.543714429534227 0.5213992853534741 23.244823831765178 0.7014302816330701 0.25136835105176486 0.025575639534525227
20.8 0.5377863065817945 0.5185490847459836 23.296678740239777 0.7029950430319365 0.2488239943161285 0.025311968372393356
20.900000000000002 0.5319283996597971 0.5157171703849878 23.348250457278276 0.7045512589133054 0.24630586328665124 0.02505111994394025
21.0 0.5261397563261863 0.5129033809238277 23.39954079537066 0.706098983970444 0.2438136773229063 0.02479306166291092
21.1 0.5204194396845702 0.5101075571311261 23.450551551083773 0.7076382724161266 0.24134715902144183 0.02453776137485293
21.200000000000003 0.5147665280734853 0.5073295418529683 23.50128450526907 0.7091691779889037 0.2389060341729575 0.02428518735005532
21.3 0.509180114763133 0.5045691799759142 23.551741423266662 0.710691753959259 0.23649003172017485 0.024035308276635095
21.400000000000002 0.5036593076593743 0.5018263183908225 23.60192405510574 0.7122060531356577 0.23409888371639492 0.02378809325376766
21.5 0.4982032290147838 0.49910080595746575 23.65183413570149 0.713712127870488 0.2317323252847252 0.02354351178505743
21.6 0.49281101514655984 0.4963924934699153 23.70147338504848 0.7152100300658978 0.2293900945779619 0.02330153377204497
21.700000000000003 0.4874818161611066 0.4937012336226772 23.75084350841075 0.7166998111795294 0.22707193273911697 0.023062129507847126
21.8 0.4822147956851011 0.4910268809775597 23.799946196508504 0.718181522230154 0.2247775838625713 0.022825269670926757
21.900000000000002 0.47700913060286604 0.4883692919312526 23.84878312570163 0.7196552138032093 0.22250679495584702 0.022590925318988746
22.0 0.47186401079988094 0.48572832468360383 23.897355958169992 0.7211209360562402 0.2202593159019835 0.02235906788299922
22.1 0.46677863891225563 0.4831038392065704 23.945666342090647 0.7225787387242457 0.21803489942250504 0.02212966916132459
22.200000000000003 0.4617522300820148 0.48049569721383295 23.993715911812032 0.7240286711249362 0.21583330104096954 0.02190270131398779
22.3 0.45678401171802563 0.4779037621310517 24.041506288025136 0.7254707821638979 0.21365427904708423 0.021678136857038344
22.400000000000002 0.4518732232624237 0.47532789906675144 24.08903907793181 0.726905120339672 0.21149759446138056 0.021455948657033846
22.5 0.44701911596238847 0.47276797478381954 24.13631587541019 0.7283317337487464 0.20936301100043492 0.021236109925629857
22.6 0.4422209526471211 0.47022385767159935 24.183338261177354 0.7297506700904642 0.2072502950426247 0.021018594214275536
22.700000000000003 0.4374780075098917 0.46769541771856804 24.23010780294921 0.7311619766718482 0.20515921559440942 0.020803375409012594
22.8 0.4327895658950172 0.46518252648558134 24.27662605559777 0.7325657004123469 0.2030895442571285 0.02059042772537491
22.900000000000002 0.4281549240896411 0.46268505707967333 24.322894561305738 0.7339618878484991 0.20104105519430115 0.020379725703386326
23.0 0.4235733891201894 0.4602028841283969 24.36891484971858 0.7353505851385229 0.19901352509942566 0.0201712442026545
23.1 0.41904427855337795 0.4577358837546921 24.414688438094046 0.736731838066828 0.1970067331642603 0.01996495839755813
23.200000000000003 0.4145669203016536 0.45528393355226887 24.460216831449273 0.7381056920484537 0.19502046104758464 0.019760843772525724
23.3 0.4101406524329554 0.45284691256149434 24.50550152270542 0.7394721921334342 0.19305449284442572 0.019558876117403437
23.400000000000002 0.4057648229846778 0.4504247012457675 24.550543992829997 0.7408313830110935 0.19110861505574556 0.01935903152290995
23.5 0.4014387897817356 0.44801718146837605 24.595345710976833 0.7421833090142683 0.18918261655857632 0.019161286376176482
23.6 0.3971619202586171 0.4456242364698183 24.639908134623816 0.7435280141234651 0.18727628857659911 0.018965617356369674
23.700000000000003 0.3929335912853292 0.44324575084558293 24.684232709708375 0.7448655419709485 0.18538942465115632 0.018772001430395695
23.8 0.38875318899713096 0.44088161052437363 24.72832087076081 0.7461959358447636 0.1835218206126884 0.01858041584868348
23.900000000000002 0.38462010862796026 0.4385317027467685 24.772174041035488 0.7475192386926963 0.18167327455258978 0.018390838141045314
24.0 0.3805337543474617 0.4361959160443055 24.81579363263992 0.7488354931261675 0.17984358679547388 0.018203246112613092
24.1 0.3764935391015221 0.43387414021898224 24.859181046661817 0.7501447414240668 0.1780325598718419 0.018017617839848416
24.200000000000003 0.3724988844562255 0.4315662663231601 24.902337673294134 0.7514470255365269 0.17623999849114563 0.017833931666624798
24.3 0.36854922044514427 0.4292721866398662 24.94526489195812 0.7527423870886354 0.17446570951523965 0.017652166200380563
24.400000000000002 0.3646439854198797 0.4269917946634804 24.98796407142447 0.7540308673840918 0.17270950193221393 0.01747230030834053
24.5 0.36078262590377375 0.4247249850808013 25.03043656993255 0.7553125074088043 0.17097118683060186 0.017294313113805283
24.6 0.35696459644871054 0.4224716537524799 25.0726837353078 0.7565873478344333 0.16925057737395496 0.01711818399250617
24.700000000000003 0.35318935949493446 0.420231697694816 25.11470690507728 0.7578554290218777 0.16754748877577913 0.016943892569024895
24.8 0.3494563852338073 0.41800501506190524 25.156507406583472 0.7591167910247089 0.1658617382748274 0.016771418713276
24.900000000000002 0.3457651514734337 0.4157915051281313 25.198086557096286 0.7603714735925505 0.1641931451107383 0.016600742537051023
25.0 0.34211514350708544 0.41359106827099484 25.239445663923384 0.7616195161744083 0.16254153050001874 0.016431844390622945
25.1 0.33850585398435457 0.4114036059542712 25.28058602451881 0.762860957921947 0.16090671761236408 0.016264704859409534
25.200000000000003 0.3349367827849708 0.40922902071149037 25.321508926589956 0.764095837692719 0.1592885315473075 0.01609930476069445
25.3 0.3314074368952167 0.40706721612973 25.36221564820293 0.7653241940533436 0.1576867993111949 0.01593562514040469
25.400000000000002 0.32791733028687975 0.40491809683371754 25.4027074578863 0.7665460652826375 0.15610134979447934 0.01577364726994327
25.5 0.3244659837986797 0.40278156847023155 25.442985614733324 0.7677614893746997 0.15453201374933012 0.015613352643076027
25.6 0.32105292502011074 0.4006575376927974 25.483051368502604 0.7689705040419489 0.15297862376754914 0.015454722972871121
25.700000000000003 0.31767768817764325 0.3985459121466705 25.52290595971727 0.7701731467181163 0.1514410142587921 0.015297740188690491
25.8 0.31433981402322625 0.3964466004541004 25.562550619762682 0.771369454561194 0.14991902142908756 0.015142386433231826
25.900000000000002 0.3110388497250379 0.3943595121998694 25.601986570982668 0.7725594644563389 0.14841248325964818 0.0149886440596202
26.0 0.30777434876043064 0.39228455791710093 25.641215026774375 0.7737432130187353 0.1469212394859728 0.014836495628548288
26.1 0.30454587081101714 0.3902216490733293 25.680237191681712 0.7749207365964138 0.14544513157723013 0.014685923905464037
26.200000000000003 0.30135298165985147 0.3881706980568288 25.719054261487397 0.7760920712730296 0.1439840027159206 0.014536911857805
26.3 0.298195253090651 0.3861316181631925 25.757667423303715 0.777257252870601 0.14253769777781627 0.014389442652278234
26.400000000000002 0.2950722627890142 0.38410432358215796 25.79607785566193 0.7784163169522076 0.1411060633121661 0.014243499652184792
26.5 0.2919835942455903 0.38208872938467464 25.8342867286004 0.7795692988246488 0.13968894752216893 0.014099066414788093
26.6 0.2889288366611497 0.38008475151020576 25.87229520375142 0.7807162335410647 0.1382862002457072 0.013956126688725028
26.700000000000003 0.2859075848535171 0.3780923067542615 25.91010443442684 0.7818571559035198 0.1368976729363375 0.013814664411459114
26.8 0.28291943916632095 0.37611131275615795 25.94771556570246 0.7829921004655492 0.1355232186445336 0.013674663706774809
26.900000000000002 0.2799640053795187 0.37414168798699693 25.985129734501157 0.7841211015346679 0.13416269199917688 0.01353610888231204
27.0 0.2770408946216581 0.37218335173786193 26.022348069674948 0.785244193174846 0.13281594918929374 0.013398984427140364
27.1 0.2741497232838327 0.3702362241082257 26.05937169208577 0.7863614092089468 0.1314828479460316 0.013263275009371744
27.200000000000003 0.27129011293529626 0.36830022599456563 26.096201714685225 0.7874727832211338 0.13016324752487277 0.013128965473811337
27.3 0.2684616902406959 0.36637527907918127 26.132839242593146 0.7885783485592404 0.1288570086880806 0.012996040839645468
27.400000000000002 0.26566408687888815 0.3644613058192105 26.169285373175065 0.789678138337108 0.12756399368737617 0.012864486298166018
27.5 0.2628969394633038 0.36255822943584093 26.205541196118645 0.790772185436893 0.1262840662468389 0.012734287210530684
27.6 0.26015988946382446 0.36066597390371086 26.24160779350902 0.791860522511339 0.12501709154603183 0.012605429105558171
27.700000000000003 0.2574525831301395 0.35878446394049696 26.27748623990307 0.7929431819860193 0.12376293620334311 0.01247789767755785
27.8 0.2547746714165488 0.35691362499668516 26.31317760240274 0.7940201960615487 0.12252146825954482 0.012351678784193099
27.900000000000002 0.2521258099081788 0.355053383245519 26.348682940727294 0.7950915967157639 0.12129255716156309 0.01222675844437768
28.0 0.24950565874858352 0.35320366557312477 26.384003307284605 0.7961574157058747 0.12007607374645582 0.012103122836204606
28.1 0.24691388256869606 0.35136439956880666 26.419139747241488 0.797217684570587 0.11887189022559856 0.011980758294906756
28.200000000000003 0.24435015041710464 0.3495355135155115 26.454093298593037 0.7982724346321937 0.11767988016907006 0.011859651310848776
28.3 0.2418141356916209 0.34771693638045653 26.48886499223108 0.799321696998642 0.11649991849023843 0.011739788527549502
28.400000000000002 0.2393055160721151 0.34590859780591976 26.523455852011672 0.8003655025655688 0.11533188143054328 0.011621156739734503
28.5 0.23682397345458905 0.3441104281001878 26.55786689482169 0.8014038820183111 0.11417564654447188 0.011503742891418083
28.6 0.2343691938864597 0.34232235822865825 26.592099130644556 0.8024368658338886 0.11303109268472443 0.011387534074014164
28.700000000000003 0.23194086750302886 0.3405443198050944 26.626153562625063 0.8034644842829602 0.11189809998756649 0.011272517524475638
28.8 0.22953868846511188 0.3387762450830281 26.660031187133367 0.8044867674317551 0.11077654985836934 0.011158680623461512
28.900000000000002 0.22716235489780073 0.3370180669473083 26.693732993828093 0.8055037451439767 0.10966632495732702 0.011046010893531421
29.0 0.2248115688303386 0.33526971890579277 26.727259965718673 0.8065154470826844 0.10856730918535798 0.010934495997367035
29.1 0.22248603613707993 0.33353113508117943 26.76061307922679 0.8075219027121466 0.1074793876701784 0.010824123736019747
29.200000000000003 0.22018546647951484 0.3318022502029747 26.79379330424709 0.8085231412996738 0.10640244675255345 0.010714882047184288
29.3 0.21790957324933471 0.3300829995995967 26.82680160420705 0.8095191919174249 0.10533637397271803 0.010606759003497746
29.400000000000002 0.21565807351251615 0.32837331919060975 26.859638936126114 0.8105100834441911 0.10428105805696503 0.010499742810863497
29.5 0.2134306879544035 0.32667314547908854 26.892306250674025 0.8114958445671566 0.1032363889044041 0.010393821806799692
29.6 0.2112271408257669 0.3249824155441082 26.924804492228436 0.8124765037836373 0.10220225757387855 0.01028898445881174
29.700000000000003 0.2090471598898181 0.32330106703335987 26.957134598931773 0.8134520894027961 0.10117855627105013 0.010185219362788473
29.8 0.20689047637016084 0.32162903815588606 26.989297502747363 0.8144226295473368 0.10016517833563826 0.010082515241421501
29.900000000000002 0.2047568248996594 0.3199662676749374 27.021294129514857 0.815388152155177 0.09916201822881715 0.009980860942647354
30.0 0.20264594347020423 0.31831269490094505 27.05312539900495 0.8163486849810986 0.09816897152076995 0.00988024543811204
30.1 0.20055757338335703 0.3166682596846083 27.084792224973413 0.8173042555983786 0.09718593487839265 0.009780657821657612
30.200000000000003 0.19849145920185743 0.31503290241009546 27.11629551521442 0.8182548914003984 0.09621280605314994 0.00968208730783033
30.3 0.19644734870197209 0.3134065639883537 27.147636171613257 0.819200619602234 0.09524948386907733 0.0095845232304101
30.400000000000002 0.19442499282667083 0.3117891858505285 27.178815090198306 0.820141467242225 0.09429586821093147 0.009487955040960727
30.5 0.19242414563961205 0.31018070994148883 27.209833161192456 0.8210774611835261 0.09335186001248325 0.009392372307400773
30.6 0.19044456427992026 0.308581078713456 27.240691269063802 0.8220086281156361 0.09241736124495237 0.00929776471259447
30.700000000000003 0.1884860089177416 0.306990235119736 27.271390292575774 0.8229349945559116 0.09149227490558327 0.009204122052962537
30.8 0.18654824271055895 0.3054081226085506 27.301931104836626 0.8238565868510598 0.09057650500635686 0.009111434237112416
30.900000000000002 0.18463103176025406 0.3038346851169679 27.332314573348324 0.8247734311786139 0.08966995656284156 0.00901969128448767
31.0 0.18273414507089988 0.30226986706492914 27.362541560054815 0.8256855535483898 0.08877253558317401 0.008928883324036206
31.1 0.18085735450726848 0.30071361334936975 27.392612921389755 0.826592979803926 0.0878841490571759 0.008839000592896992
31.200000000000003 0.1790004347540417 0.2991658693384338 27.422529508323596 0.8274957356239047 0.08700470494560017 0.00875003343510496
31.3 0.17716316327570925 0.2976265808657799 27.452292166410174 0.8283938465235574 0.08613411216950424 0.008661972300313809
31.400000000000002 0.17534532027714014 0.2960956942249753 27.48190173583267 0.8292873378560524 0.08527228059975143 0.008574807742536376
31.5 0.1735466886648165 0.2945731561639795 27.51135905144907 0.8301762348138658 0.08441912104663879 0.00848853041890231
31.6 0.1717670540087136 0.29305891387971256 27.54066494283704 0.8310605624301364 0.08357454524964417 0.008403131088432754
31.700000000000003 0.17000620450481582 0.29155291501270897 27.56982023433831 0.831940345580004 0.08273846586730027 0.008318600610831742
31.8 0.16826393093825529 0.2900551076418542 27.598825745102495 0.8328156089819332 0.08191079646718512 0.008234929945294085
31.900000000000002 0.16654002664705972 0.2885654402792023 27.62768228913042 0.8336863771990192 0.08109145151603042 0.008152110149329374
32.0 0.16483428748650064 0.28708386186487445 27.656390675316903 0.8345526746402799 0.08028034636995121 0.008070132377601957
32.1 0.16314651179402634 0.285610321762035 27.684951707493106 0.8354145255619336 0.07947739726478495 0.007988987880786537
32.2 0.16147650035477207 0.28414476975194536 27.7133661844683 0.8362719540686591 0.07868252130654917 0.007908668004439207
32.300000000000004 0.15982405636763375 0.28268715602909317 27.74163490007121 0.8371249841148434 0.07789563646200712 0.007829164187883611
32.4 0.15818898541189505 0.28123743119639594 27.769758643190855 0.8379736395058138 0.0771166615493481 0.007750467963112023
32.5 0.15657109541439768 0.2797955462604772 27.797738197816898 0.8388179438990566 0.07634551622897327 0.007672570953701113
32.6 0.15497019661724412 0.2783614526270153 27.825574343079598 0.8396579208054211 0.07558212099439197 0.007595464873742127
32.7 0.15338610154602264 0.27693510209616135 27.853267853289214 0.84049359359031 0.07482639716322298 0.007519141526785305
32.800000000000004 0.15181862497854426 0.27551644685802723 27.88081949797502 0.8413249854748553 0.07407826686829978 0.0074435928047982425
32.9 0.1502675839140831 0.2741054394882406 27.908230041923844 0.8421521195370832 0.07333765304888173 0.007368810687138058
33.0 0.14873279754310859 0.272702032943567 27.935500245218204 0.842975018713063 0.07260447944196516 0.007294787239537035
33.1 0.14721408721750326 0.27130618055759737 27.96263086327396 0.8437937057980442 0.07187867057369597 0.007221514613101695
33.2 0.14571127642125373 0.26991783603649994 27.98962264687761 0.8446082034475817 0.07116015175088222 0.0071489850433249045
33.300000000000004 0.14422419074160786 0.26853695345483447 28.016476342223093 0.8454185341786467 0.07044884905260368 0.007077190849110928
33.4 0.14275265784068977 0.2671634872514298 28.043192690948235 0.8462247203707259 0.06974468932192 0.007006124431813237
33.5 0.14129650742756195 0.2657973922253207 28.069772430170765 0.8470267842669089 0.06904760015767165 0.006935778274284751
33.6 0.1398555712307292 0.2644386235317462 28.09621629252394 0.8478247479749628 0.06835750990637868 0.006866144939940515
33.7 0.13842968297107364 0.26308713667820555 28.122525006191765 0.848618633468395 0.06767434765422996 0.00679721707183243
33.800000000000004 0.1370186783352138 0.2617428875205722 28.148699294943825 0.8494084625875047 0.06699804321916492 0.006728987391735957
33.9 0.13562239494928052 0.2604058322592646 28.17473987816975 0.8501942570404224 0.06632852714304793 0.006661448699248612
34.0 0.1342406723531007 0.25907592743547275 28.200647470913296 0.8509760384041386 0.06566573068392864 0.006594593870900007
34.1 0.13287335197478314 0.25775312992743965 28.226422783906038 0.8517538281255205 0.065009585808394 0.0065284158592733635
34.2 0.13152027710569705 0.25643739694679585 28.252066523600718 0.8525276475223181 0.0643600251840068 0.006462907692138197
34.300000000000004 0.13018129287583832 0.2551286860349482 28.277579392204213 0.8532975177841595 0.06371698217182838 0.0063980624715941365
34.4 0.12885624622957428 0.25382695505951913 28.302962087710167 0.8540634599735348 0.0630803908190295 0.006333873373225598
34.5 0.12754498590176191 0.2525321622108379 28.328215303931252 0.8548254950267707 0.062450185851582726 0.006270333645267217
34.6 0.12624736239423184 0.2512442659984819 28.3533397305311 0.8555836437549929 0.06182630266703907 0.006207436607779879
34.7 0.12496322795263165 0.24996322524786685 28.37833605305589 0.8563379268450799 0.06120867732738658 0.006145175651837146
34.800000000000004 0.12369243654362222 0.2486889990968863 28.403204952965577 0.8570883648606058 0.060597246551987845 0.006083544238721969
34.9 0.1224348438324204 0.24742154699259764 28.427947107664835 0.8578349782427727 0.059991947710600915 0.006022535899133491
35.0 0.12119030716068253 0.24616082868795608 28.45256319053363 0.8585777873113348 0.05939271881647467 0.005962144232403845
35.1 0.11995868552472201 0.244906804238594 28.47705387095749 0.8593168122655105 0.058799498519526275 0.005902362905724767
35.2 0.11873983955405554 0.24365943399964585 28.501419814357458 0.8600520731848873 0.058212226099592305 0.00584318565338387
35.300000000000004 0.11753363149027166 0.24241867862261735 28.52566168221972 0.8607835900303151 0.057630841459756624 0.005784606276010466
35.4 0.11633992516621643 0.24118449905229858 28.54978013212495 0.8615113826447922 0.05705528511975576 0.005726618639830775
35.5 0.11515858598549009 0.23995685652371979 28.573775817777324 0.8622354707543404 0.056485498209452506 0.005669216675932389
35.6 0.11398948090225029 0.2387357125591501 28.59764938903324 0.8629558739688719 0.05592142246238943 0.005612394379537887
35.7 0.11283247840131524 0.23752102896513735 28.621401491929756 0.8636726117830477 0.05536300020940982 0.005556145809287417
35.800000000000004 0.11168744847856198 0.2363127678295885 28.645032768712714 0.8643857035771256 0.05481017437235117 0.005500465086530138
35.9 0.11055426262161551 0.23511089151889106 28.668543857864606 0.8650951686178018 0.0542628884578102 0.005445346394624431
36.0 0.10943279379082207 0.2339153626750732 28.691935394132113 0.865801026059041 0.05372108655097614 0.005390783978246676
36.1 0.10832291640050352 0.23272614421300364 28.715208008553414 0.8665032949429017 0.05318471330953288 0.005336772142708563
36.2 0.10722450630048622 0.23154319931762865 28.738362328485177 0.8672019942003495 0.05265371395762976 0.005283305253282737
36.300000000000004 0.106137440757901 0.23036649144124782 28.7613989776293 0.8678971426520647 0.05212803427991871 0.0052303777345367106
36.4 0.10506159843924877 0.2291959843008258 28.784318576059384 0.8685887590092409 0.05160762061565738 0.005177984069674896
36.5 0.10399685939272744 0.2280316418753409 28.80712174024692 0.8692768618743757 0.051092419852878226 0.005126118799888656
36.6 0.10294310503081633 0.22687342840316968 28.829809083087238 0.8699614697420526 0.05058237942262236 0.005074776523714282
36.7 0.10190021811311226 0.22572130837950619 28.852381213925185 0.870642600999717 0.05007744729323577 0.005023951896398732
36.800000000000004 0.10086808272941454 0.22457524655381605 28.874838738580564 0.8713202739284436 0.049577571964731205 0.004973639629273072
36.9 0.0998465842830539 0.223435207927325 28.897182259373295 0.8719945067036949 0.04908270246320939 0.004923834489133507
37.0 0.09883560947446063 0.22230115775053966 28.919412375148354 0.8726653173960748 0.048592788335343695 0.004874531297629837
37.1 0.09783504628496989 0.22117306152080307 28.941529681300434 0.8733327239720721 0.04810777964292509 0.004825724930661347
37.2 0.09684478396085779 0.22005088497988118 28.963534769798418 0.8739967442947991 0.04762762695746742 0.004777410317779911
37.300000000000004 0.09586471299760613 0.21893459411158178 28.985428229209578 0.874657396124722 0.04715228135487053 0.004729582441600293
37.4 0.09489472512439098 0.2178241551394048 29.007210644723518 0.8753146971203833 0.04668169441014491 0.00468223633721749
37.5 0.09393471328879205 0.21671953452422332 29.02888259817594 0.8759686648391191 0.04621581819219098 0.004635367091631065
37.6 0.09298457164171878 0.21562069896199526 29.050444668072135 0.8766193167377672 0.04575460525863759 0.004588969843176359
37.7 0.09204419552254964 0.21452761538150472 29.071897429610285 0.8772666701733716 0.045298008650736826 0.0045430397809624575
37.800000000000004 0.0911134814444811 0.21344025094213262 29.093241454704497 0.8779107424038763 0.044845981888314575 0.00449757214431688
37.9 0.09019232708008307 0.21235857303165684 29.114477312007665 0.8785515505888163 0.044398478964775986 0.004452562222236845
38.0 0.08928063124705647 0.21128254926407963 29.135605566934075 0.8791891117899984 0.0439554543421649 0.004408005352847036
38.1 0.0883782938941917 0.21021214747748487 29.156626781681823 0.879823442972179 0.0435168629462795 0.004363896922863823
38.2 0.08748521608752202 0.20914733573192132 29.177541515255015 0.880454561003733 0.04308266016183883 0.004320232367065788
38.300000000000004 0.08660129999667064 0.2080880823073136 29.198350323485744 0.8810824826573178 0.04265280182770202 0.004277007167770503
38.400000000000006 0.08572644888138782 0.20703435570140022 29.219053759055885 0.8817072246105302 0.042227244232141574 0.00423421685431749
38.5 0.0848605670782746 0.20598612462769744 29.23965237151866 0.8823288034465577 0.041805944108166564 0.00419185700255725
38.6 0.08400355998769007 0.20494335801348879 29.260146707320008 0.8829472356548234 0.04138885862889564 0.004149923234346279
38.7 0.08315533406084061 0.20390602499784136 29.280537309819792 0.883562537631625 0.04097594540298353 0.004108411217048055
38.800000000000004 0.08231579678704556 0.20287409492964542 29.300824719312757 0.8841747256807686 0.04056716247009257 0.004067316663039815
38.900000000000006 0.08148485668117933 0.2018475373656802 29.321009473049322 0.8847838160141953 0.040162468296417994 0.004026635329225129
39.0 0.08066242327128482 0.20082632206870296 29.34109210525619 0.885389824752603 0.03976182177025787 0.0039863630165521404
39.1 0.07984840708635706 0.19981041900556268 29.36107314715675 0.8859927679260624 0.03936518219763358 0.003946495569537453
39.2 0.07904271964429326 0.19879979834533693 29.380953126991287 0.8865926614746271 0.038972509297955496 0.00390702887579553
39.300000000000004 0.0782452734400074 0.19779443045749215 29.400732570037036 0.8871895212489381 0.03858376319973717 0.003867958865573574
39.400000000000006 0.0774559819337062 0.19679428591006676 29.420411998628044 0.8877833630108234 0.03819890443635568 0.003829281511291806
39.5 0.07667475953932422 0.19579933546787667 29.439991932174834 0.8883742024338916 0.03781789394185554 0.003790992827089064
39.6 0.07590152161311507 0.19480955009074255 29.459472887183907 0.8889620551041201 0.037440693046800345 0.0037530888683736446
39.7 0.07513618444239775 0.19382490093174012 29.478855377277082 0.889546936520439 0.03706726347416833 0.0037155657313793803
39.800000000000004 0.07437866523445347 0.19284535933547048 29.49813991321063 0.8901288620953082 0.036697567335290934 0.0036784195527267845
39.900000000000006 0.07362888210557243 0.19187089683635247 29.517327002894262 0.8907078471552903 0.03633156712583629 0.0036416465089892736
40.0 0.07288675407024756 0.1909014851569358 29.536417151409957 0.8912839069416193 0.03596922572183593 0.003605242816264393
40.1 0.0721522010305123 0.1899370962062339 29.55541086103058 0.8918570566107618 0.035610506375752804 0.003569204729749934
40.2 0.07142514376542199 0.18897770207807849 29.574308631238388 0.8924273112349755 0.0352553727125921 0.003533528543324959
40.300000000000004 0.0707055039206742 0.18802327504949248 29.59311095874334 0.8929946858028625 0.034903788726055394 0.0034982105891355757
40.400000000000006 0.06999320399836789 0.18707378757908322 29.611818337501248 0.8935591952199158 0.03455571877473189 0.003463247237185489
40.5 0.06928816734689858 0.1861292123054554 29.63043125873179 0.8941208543090636 0.03421112757833614 0.00342863489493122
40.6 0.06859031815098643 0.1851895220456417 29.648950210936352 0.894679677811208 0.03386998021397973 0.0033943700068819168
40.7 0.06789958142183768 0.18425468979355408 29.667375679915708 0.8952356803857575 0.03353224211248761 0.0033604490542037827
40.800000000000004 0.06721588298743424 0.18332468871845145 29.685708148787555 0.895788876611157 0.03319787905475193 0.0033268685543289406
40.900000000000006 0.06653914948295234 0.18239949216342727 29.703948098003895 0.896339280985412 0.03286685716812428 0.003293625060568797
41.0 0.0658693083413061 0.1814790736439137 29.722096005368286 0.8968869079266092 0.03253914292284657 0.0032607151617317486
41.1 0.0652062877838158 0.1805634068462043 29.74015234605291 0.8974317717734313 0.03221470312852157 0.0032281354817452626
41.2 0.06455001681099778 0.17965246562599382 29.75811759261551 0.8979738867856686 0.03189350493061819 0.0031958826792822066
41.300000000000004 0.06390042519347458 0.17874622400693474 29.775992215016203 0.898513267144726 0.03157551580701705 0.00316395344739142
41.400000000000006 0.06325744346300406 0.17784465617921172 29.793776680634124 0.8990499269541251 0.0312607035645896 0.003132344513132457
41.5 0.06262100290362405 0.17694773649813106 29.811471454283936 0.8995838802400029 0.030949036335816173 0.003101052637214431
41.6 0.06199103554291315 0.1760554394827282 29.82907699823221 0.9001151409516055 0.03064048257543854 0.0030700746136389538
41.7 0.061367474143363805 0.1751677398143902 29.84659377221365 0.9006437229617783 0.030335011057148434 0.003039407269347075
41.800000000000004 0.06075025219386741 0.1742846123354948 29.8640222334472 0.9011696400674513 0.030032590870311064 0.003009047463870203
41.900000000000006 0.06013930390130883 0.17340603204806462 29.881362836652013 0.9016929059901215 0.02973319141672348 0.002978992088984924
42.0 0.05953456418226945 0.17253197411243726 29.898616034063252 0.9022135343763302 0.029436782407406766 0.0029492380683717135
42.1 0.05893596865483668 0.1716624138459504 29.915782275447846 0.9027315387981372 0.02914333385943322 0.0029197823572774586
42.2 0.05834345363051847 0.17079732672164175 29.93286200812001 0.9032469327535898 0.02885281609278575 0.0028906219421817553
42.300000000000004 0.05775695610626158 0.16993668836696446 29.94985567695671 0.9037597296671898 0.028565199727251397 0.00286175384046695
42.400000000000006 0.05717641375657114 0.16908047456251585 29.96676372441296 0.9042699428903547 0.02828045567934799 0.0028331751000918283
42.5 0.0566017649257317 0.16822866124078217 29.98358659053704 0.9047775857018766 0.027998555159281298 0.002804882799268995
42.6 0.056032948620125964 0.1673812244848955 30.000324712985527 0.9052826713083765 0.027719469667937202 0.002776874046145781
42.7 0.05546990450065263 0.16653814052740687 30.016978527038265 0.9057852128447555 0.0274431709939024 0.0027491459784887754
42.800000000000004 0.05491257287523895 0.16569938574907112 30.033548465613173 0.9062852233746421 0.027169631210520274 0.0027216957633717947
42.900000000000006 0.05436089469144874 0.16486493667764643 30.050034959280936 0.9067827158908348 0.026898822672972916 0.0026945205968673573
43.0 0.053814811529183944 0.1640347699867073 30.066438436279608 0.9072777033157434 0.026630718015398912 0.0026676177037415747
43.1 0.053274265593477366 0.1632088624944696 30.082759322529053 0.9077701985018246 0.02636529014803788 0.0026409843371523927
43.2 0.05273919970737717 0.16238719116263015 30.098998041645316 0.9082602142320155 0.026102512254406584 0.0026146177783512243
43.300000000000004 0.05220955730491986 0.16156973309521783 30.115155014954837 0.9087477632201626 0.02584235778850372 0.0025885153363878256
43.400000000000006 0.051685282424191924 0.16075646553745812 30.131230661508585 0.9092328581114485 0.025584800472046088 0.0025626743478184746
43.5 0.05116631970047798 0.1599473658746495 30.14722539809605 0.9097155114828137 0.025329814291731024 0.002537092176417338
43.6 0.05065261435949473 0.15914241163105253 30.163139639259157 0.910195735843377 0.025077373496529567 0.00251176621289104
43.7 0.05014411221070925 0.15834158046879104 30.17897379730604 0.9106735436348505 0.024827452595007703 0.0024866938745963666
43.800000000000004 0.04964075964074034 0.1575448501867648 30.194728282324714 0.9111489472319529 0.024580026352674027 0.0024618726052610647
43.900000000000006 0.04914250360684215 0.15675219871957483 30.21040350219667 0.911621958942819 0.024335069789358142 0.002437299874707737
44.0 0.04864929163046823 0.15596360413645907 30.225999862610315 0.9120925910094061 0.024092558176613404 0.0024129731785807315
44.1 0.048161071790915645 0.1551790446402407 30.241517767074342 0.9125608556078963 0.02385246703514928 0.002388890038076054
44.2 0.04767779271904749 0.15439849856628707 30.256957616930972 0.9130267648490973 0.02361477213228922 0.002365047999674227
44.300000000000004 0.04719940359109301 0.1536219443814799 30.27231981136912 0.9134903307788389 0.02337944947945509 0.0023414446348760842
44.400000000000006 0.04672585412252387 0.15284936068319663 30.28760474743744 0.9139515653783671 0.023146475329679027 0.002318077539941438
44.5 0.046257094562005864 0.1520807261983021 30.30281282005727 0.9144104805647341 0.022915826175139667 0.002294944335630613
44.6 0.04579307568542507 0.15131601978215173 30.31794442203548 0.9148670881911868 0.022687478744725424 0.002272042666948805
44.7 0.04533374878998684 0.15055522041760433 30.332999944077244 0.9153214000475518 0.02246141000162215 0.002249370202893213
44.800000000000004 0.04487906568838747 0.1497983072140461 30.34797977479865 0.9157734278606159 0.022237597140927386 0.002226924636202953
44.900000000000006 0.04442897870305653 0.14904525940642416 30.362884300739292 0.9162231832945059 0.02201601758728735 0.002204703683111654
45.0 0.04398344066047006 0.1482960563542909 30.377713906374723 0.9166706779510647 0.021796648992561004 0.0021827050831027964
45.1 0.043542404885532196 0.14755067754085746 30.392468974128803 0.9171159233702241 0.021579469233506468 0.0021609265986676524
45.2 0.0431058251960261 0.146809102572058 30.40714988438601 0.9175589310303754 0.021364456409491472 0.0021393660150659135
45.300000000000004 0.04267365589713135 0.14607131117562297 30.42175701550357 0.9179997123487368 0.02115158884023042 0.002118021140088867
45.400000000000006 0.04224585177600822 0.14533728320016207 30.436290743823584 0.9184382786817178 0.020940845063541207 0.002096889803825164
45.5 0.041822368096447536 0.14460699861425716 30.45075144368501 0.918874641325282 0.020732203833127395 0.0020759698584291294
45.6 0.041403160593584676 0.1438804375055634 30.465139487435568 0.9193088115153055 0.020525644116384106 0.0020552591778915455
45.7 0.04098818546867813 0.14315758007992124 30.47945524544356 0.9197408004279345 0.020321145092224227 0.002034755657812969
45.800000000000004 0.04057739938395 0.14243840666047553 30.493699086109604 0.9201706191799384 0.02011868614893012 0.002014457215179441
45.900000000000006 0.0401707594574894 0.14172289768680535 30.507871375878285 0.920598278829062 0.019918246882025033 0.0019943617881406596
46.0 0.039768223258216356 0.14101103371406146 30.52197247924969 0.9210237903743732 0.019719807092168577 0.001974467335790521
46.1 0.03936974880090648 0.14030279541211302 30.536002758790904 0.9214471647566103 0.01952334678307284 0.0019547718379500398
46.2 0.038975294541275 0.13959816356470273 30.549962575147376 0.9218684128585247 0.019328846159439736 0.0019352732949525979
46.300000000000004 0.038584819371119634 0.13889711906861069 30.56385228705423 0.9222875455052224 0.01913628562492202 0.001915969727431514
46.400000000000006 0.038198282613521435 0.1381996429328264 30.577672251347515 0.9227045734645029 0.018945645780102355 0.0018968591761098928
46.5 0.037815644018102626 0.13750571627772903 30.591422822975286 0.9231195074471947 0.018756907420495197 0.001877939701592728
46.6 0.037436863756341025 0.13681532033427585 30.605104355008713 0.9235323581074893 0.01857005153456929 0.0018592093841612442
46.7 0.037061902416940094 0.1361284364431989 30.61871719865303 0.9239431360432727 0.018385059301789724 0.0018406663235694418
46.800000000000004 0.03669072100125395 0.13544504605420965 30.63226170325845 0.9243518517964537 0.01820191209068096 0.0018223086388428318
46.900000000000006 0.036323280918766396 0.13476513072521096 30.645738216330972 0.9247585158532909 0.01802059145690985 0.0018041344680793086
47.0 0.03595954398262359 0.1340886721215174 30.65914708354312 0.9251631386447162 0.017841079141388015 0.0017861419682521746
47.1 0.03559947240521937 0.13341565201508288 30.67248864874463 0.9255657305466575 0.017663357068393733 0.0017683293150152586
47.2 0.03524302879383273 0.13274605228373598 30.685763253973 0.9259663018803572 0.017487407343714338 0.001750694702510124
47.300000000000004 0.03489017614631668 0.13207985491042282 30.698971239464043 0.9263648629126903 0.017313212252805982 0.0017332363431753406
47.400000000000006 0.03454087784683758 0.1314170419824567 30.71211294366229 0.9267614238564784 0.017140754258975203 0.0017159524675577744
47.5 0.034195097661664904 0.13075759569077602 30.725188703231368 0.9271559948708034 0.016970016001574776 0.00169884132412592
47.6 0.03385279973500985 0.13010149832920803 30.73819885306429 0.9275485860613171 0.01680098029422323 0.001681901179085187
47.7 0.033513948584913376 0.12944873229374124 30.751143726293662 0.92793920748055 0.016633630123038687 0.0016651303161951932
47.800000000000004 0.03317850909918162 0.1287992800818033 30.764023654301845 0.9283278691282174 0.016467948644893655 0.0016485270365889715
47.900000000000006 0.032846446531369235 0.1281531242915467 30.776838966731 0.9287145809515229 0.01630391918568607 0.0016320896585941141
48.0 0.0325177264968095 0.12751024762114122 30.789589991493116 0.9290993528454609 0.016141525238628263 0.001615816517555825
48.1 0.032192314968690516 0.12687063286807257 30.80227705477992 0.9294821946531152 0.015980750462555197 0.001599705965661832
48.2 0.031870178274177215 0.12623426292844828 30.81490048107277 0.9298631161659583 0.015821578680247684 0.0015837563717691812
48.300000000000004 0.031551283090578267 0.1256011207963095 30.8274605931524 0.930242127124145 0.015663993876774408 0.0015679661212328513
48.400000000000006 0.031235596441557746 0.12497118956295036 30.839957712108692 0.9306192372168073 0.015507980197851014 0.0015523336157362033
48.5 0.030923085693390258 0.12434445241624223 30.85239215735032 0.9309944560823452 0.015353521948215336 0.0015368572731232044
48.6 0.030613718551259772 0.12372089263996557 30.864764246614314 0.9313677933087162 0.015200603590019925 0.0015215355272324524
48.7 0.030307463055601006 0.12310049361314723 30.87707429597563 0.9317392584337229 0.01504920974124 0.0015063668277329398
48.800000000000004 0.030004287578483273 0.1224832388094046 30.88932261985657 0.932108860945298 0.014899325174099736 0.0014913496399615684
48.900000000000006 0.02970416082003568 0.12186911179629496 30.901509531036197 0.9324766102817882 0.014750934813512357 0.0014764824447623694
49.0 0.029407051804913785 0.12125809623467165 30.913635340659667 0.9328425158322358 0.01460402373553871 0.001461763738327432
49.1 0.02911292987880672 0.1206501758780457 30.925700358247468 0.9332065869366575 0.014458577165858699 0.0014471920320395077
49.2 0.028821764704984487 0.12004533457195346 30.937704891704666 0.9335688328863234 0.014314580478261788 0.001432765852316276
49.300000000000004 0.02853352626088493 0.11944355625333024 30.949649247329997 0.9339292629240316 0.01417201919314962 0.0014184837404562578
49.400000000000006 0.02824818483473952 0.118844824949889 30.961533729824982 0.9342878862443825 0.014030878976057107 0.00140434425248634
49.5 0.027965711022238254 0.11824912477950578 30.97335864230293 0.9346447119940515 0.01389114563618518 0.0013903459590109274
49.6 0.027686075723232 0.11765643994960921 30.98512428629789 0.9349997492720584 0.013752805124953207 0.0013764874450626545
49.7 0.02740925013847323 0.1170667547565773 30.99683096177355 0.9353530071300362 0.013615843534560423 0.0013627673099547042
49.800000000000004 0.027135205766393302 0.11648005358513813 31.008478967132064 0.9357044945724973 0.013480247096568157 0.0013491841671346462
49.900000000000006 0.026863914399916727 0.11589632090777673 31.02006859922284 0.9360542205570989 0.013346002180491354 0.0013357366440398318
50.0 0.02659534812331178 0.11531554128414734 31.031600153351253 0.936402193994906 0.013213095292408265 0.0013224233819543068
50.1 0.026329479309076448 0.11473769936049016 31.043073923287302 0.9367484237506523 0.013081513073582208 0.0013092430358672116
50.2 0.026066280614860354 0.11416277986905442 31.054490201274206 0.9370929186429995 0.012951242299098123 0.0012961942743326925
50.300000000000004 0.025805724980420983 0.11359076762752549 31.065849278036957 0.9374356874447962 0.01282226987651278 0.001283275779331258
50.400000000000006 0.025547785624614777 0.11302164753845782 31.077151442790804 0.9377767388833328 0.012694582844519783 0.0012704862461326086
50.5 0.025292436042422012 0.11245540458871243 31.088396983249677 0.9381160816405967 0.012568168371626633 0.0012578243831598867
50.6 0.02503965000200543 0.1118920238488996 31.099586185634564 0.9384537243535243 0.01244301375484648 0.0012452889118553633
50.7 0.02478940154180205 0.11133149047282635 31.110719334681846 0.938789675614253 0.012319106418402847 0.001232878566547522
50.800000000000004 0.024541664967647626 0.11077378969694868 31.121796713651545 0.9391239439703699 0.012196433912448113 0.001220592094319534
50.900000000000006 0.02429641484993379 0.11021890683982896 31.132818604335526 0.9394565379251595 0.012074983911793387 0.0012084282548791175
51.0 0.024053626020796758 0.10966682730159735 31.143785287065686 0.9397874659378503 0.011954744214653201 0.001196385820429743
51.1 0.023813273571337962 0.10911753656341854 31.154697040722027 0.9401167364238593 0.011835702741402407 0.0011844635755431966
51.2 0.023575332848875735 0.10857102018696273 31.165554142740724 0.9404443577550344 0.01171784753334544 0.001172660317033468
51.300000000000004 0.023339779454227872 0.10802726381388143 31.176356869122113 0.9407703382598962 0.01160116675149873 0.0011609748538319595
51.400000000000006 0.023106589239024512 0.1074862531652874 31.18710549443864 0.9410946862238777 0.011485648675384402 0.001149406006863989
51.5 0.02287573830305122 0.10694797404123937 31.197800291842768 0.9414174098895625 0.011371281701837993 0.0011379526089265895
51.6 0.022647202991621707 0.10641241232023102 31.20844153307479 0.9417385174569214 0.011258054343825975 0.0011266135045675777
51.7 0.022420959892979875 0.10587955395868429 31.21902948847066 0.9420580170835476 0.011145955229278531 0.0011153875499658834
51.800000000000004 0.0221969858357309 0.10534938499044715 31.229564426969706 0.9423759168848908 0.011034973099930689 0.001104273612813127
51.900000000000006 0.02197525788630083 0.10482189152629529 31.240046616122335 0.9426922249344881 0.010925096810177209 0.0010932705721964256
52.0 0.021755753346424638 0.10429705975343849 31.25047632209768 0.9430069492641963 0.010816315325940384 0.0010823773184824247
52.1 0.021538449750661923 0.10377487593503044 31.26085380969118 0.9433200978644195 0.010708617723545411 0.0010715927532025235
52.2 0.02132332486394065 0.1032553264096837 31.271179342332147 0.9436316786843381 0.010601993188611462 0.001060915788939316
52.300000000000004 0.021110356679127668 0.10273839759098753 31.281453182091248 0.9439416996321343 0.010496431014951579 0.0010503453492141856
52.400000000000006 0.02089952341462652 0.10222407596703069 31.291675589687955 0.9442501685752168 0.010391920603484282 0.0010398803683760857
52.5 0.02069080351200175 0.10171234809992774 31.301846824497943 0.9445570933404447 0.010288451461156362 0.001029519791491472
52.6 0.020484175633629365 0.10120320062534921 31.311967144560484 0.9448624817143494 0.010186013199876508 0.0010192625742353636
52.7 0.020279618660373616 0.10069662025205617 31.322036806585686 0.9451663414433543 0.01008459553546059 0.0010091076827835584
52.800000000000004 0.020077111689289013 0.10019259376143781 31.332056065961833 0.9454686802339956 0.00998418828658559 0.0009990540937059415
52.900000000000006 0.019876634031348102 0.09969110800705372 31.342025176762537 0.9457695057531382 0.009884781373756382 0.0009891007938609192
53.0 0.019678165209193976 0.09919214991417913 31.351944391753957 0.9460688256281937 0.009786364818282005 0.0009792467802909308
53.1 0.019481684954917762 0.09869570647935441 31.361813962401893 0.9463666474473343 0.00968892874126268 0.0009694910601190542
53.2 0.019287173207860452 0.09820176476993794 31.37163413887889 0.9466629787597073 0.009592463362585981 0.0009598326504466765
53.300000000000004 0.019094610112438955 0.09771031192366278 31.381405170071254 0.9469578270756468 0.009496958999934801 0.0009502705782522241
53.400000000000006 0.018903976015996037 0.09722133514819686 31.391127303586075 0.9472511998668853 0.009402406067805123 0.0009408038802909441
53.5 0.01871525146667378 0.0967348217207066 31.400800785758147 0.9475431045667634 0.009308795076531854 0.0009314316029957145
53.6 0.01852841721131049 0.09625075898742433 31.41042586165689 0.9478335485704374 0.00921611663132724 0.0009221528023788866
53.7 0.01834345419336052 0.09576913436321882 31.42000277509321 0.9481225392350874 0.009124361431327367 0.0009129665439351382
53.800000000000004 0.01816034355083701 0.09528993533116971 31.429531768626322 0.9484100838801226 0.0090335202686487 0.0009038719025453339
53.900000000000006 0.017979066614276958 0.09481314944214478 31.439013083570536 0.9486961897873863 0.008943584027454387 0.0008948679623813718
54.0 0.017799604904728653 0.094338764314381 31.448446960001974 0.9489808642013585 0.008854543683029518 0.0008859538168120174
54.1 0.017621940131761087 0.09386676763306886 31.457833636765283 0.9492641143293585 0.00876639030086648 0.0008771285683097086
54.2 0.017446054191494965 0.09339714714993966 31.467173351480273 0.9495459473417455 0.008679115035758963 0.000868391328358318
54.300000000000004 0.01727192916465537 0.09292989068285665 31.47646634054856 0.949826370372118 0.008592709130906179 0.0008597412173618744
54.400000000000006 0.017099547314645427 0.09246498611540864 31.4857128391601 0.9501053905175127 0.008507163917023301 0.0008511773645542136
54.5 0.016928891085641138 0.09200242139650765 31.494913081299753 0.950383014838601 0.008422470811466014 0.0008426989079095721
54.6 0.01675994310070668 0.09154218453998866 31.504067299753753 0.9506592503598849 0.008338621317358092 0.0008343049940540882
54.7 0.016592686159930526 0.09108426362421372 31.513175726116174 0.9509341040698921 0.008255607022732094 0.000825994778178232
54.800000000000004 0.016427103238581472 0.09062864679167805 31.522238590795343 0.9512075829213699 0.008173419599676744 0.0008177674239501181
54.900000000000006 0.01626317748528484 0.09017532224861977 31.531256123020206 0.951479693831476 0.008092050803494252 0.0008096221034297225
55.0 0.01610089222021847 0.08972427826463267 31.540228550846667 0.9517504436819717 0.00801149247186421 0.0008015579969839794
55.1 0.01594023093332809 0.08927550317228151 31.5491561011639 0.9520198393194104 0.007931736524017755 0.0007935742932027447
55.2 0.015781177282562238 0.08882898536672092 31.55803899970057 0.9522878875553269 0.007852774959919456 0.0007856701888156344
55.300000000000004 0.015623715092126034 0.08838471330531665 31.566877471031106 0.9525545951664257 0.0077745998594573595 0.0007778448886097075
55.400000000000006 0.015467828350754035 0.08794267550727017 31.575671738581832 0.9528199688947666 0.007697203381641542 0.0007700976053480012
55.5 0.015313501210001532 0.08750286055324571 31.584422024637156 0.9530840154479511 0.007620577763809725 0.0007624275596888963
55.6 0.015160717982554481 0.08706525708500056 31.593128550345654 0.9533467414993058 0.007544715320842962 0.0007548339801063178
55.7 0.015009463140557514 0.0866298538050178 31.601791535726154 0.9536081536880668 0.007469608444387517 0.0007473161028107489
55.800000000000004 0.014859721313960036 0.0861966394761421 31.61041119967377 0.9538682586195611 0.007395249602084264 0.0007398731716710568
55.900000000000006 0.014711477288880141 0.0857656029212182 31.618987759965894 0.9541270628653876 0.00732163133680817 0.0007325044381371237
56.0 0.014564716005986035 0.08533673302273188 31.62752143326817 0.9543845729635971 0.00724874626591299 0.0007252091611632638
56.1 0.014419422558894975 0.08491001872245399 31.636012435140415 0.9546407954188715 0.007176587080485379 0.0007179866071324328
56.2 0.01427558219258933 0.08448544902108684 31.644460980042524 0.9548957367027017 0.007105146544605222 0.0007108360497812085
56.300000000000004 0.014133180301849726 0.08406301297791356 31.652867281340317 0.9551494032535638 0.0070344174946139655 0.0007037567701255465
56.400000000000006 0.013992202429704887 0.08364269971044959 31.66123155131136 0.9554018014770955 0.006964392838390822 0.0006967480563872871
56.5 0.01385263426589819 0.08322449839409725 31.669554001150768 0.9556529377462702 0.006895065554635319 0.0006898092039214224
56.6 0.013714461645370617 0.08280839826180258 31.67783484097695 0.9559028184015712 0.006826428692158189 0.0006829395151441049
56.7 0.013577670546759945 0.08239438860371483 31.686074279837317 0.9561514497511634 0.006758475369177718 0.0006761382994613922
56.800000000000004 0.013442247090916019 0.08198245876684847 31.694272525714002 0.9563988380710664 0.006691198772625988 0.0006694048731987237
56.900000000000006 0.013308177539431823 0.08157259815474747 31.70242978552948 0.9566449896053234 0.0066245921574589325 0.0006627385595311125
57.0 0.013175448293190395 0.08116479622715256 31.710546265152193 0.9568899105661719 0.006558648845975627 0.0006561386884140603
57.1 0.01304404589092702 0.08075904249967003 31.71862216940216 0.9571336071342119 0.006493362227142944 0.0006496045965151651
57.2 0.012913957007807076 0.08035532654344414 31.726657702056503 0.9573760854585736 0.006428725755928912 0.0006431356271464448
57.300000000000004 0.012785168454018747 0.07995363798483077 31.734653065854985 0.9576173516570837 0.006364732952640212 0.0006367311301973367
57.400000000000006 0.012657667173380923 0.07955396650507417 31.742608462505498 0.9578574118164318 0.006301377402269163 0.0006303904620683898
57.5 0.012531440241965902 0.07915630183998587 31.750524092689496 0.9580962719923337 0.006238652753844751 0.000624112985605634
57.6 0.012406474866736598 0.07876063377962558 31.758400156067456 0.9583339382096966 0.006176552719791928 0.0006178980700356122
57.7 0.012282758384198516 0.07836695216798506 31.766236851284255 0.9585704164627811 0.006115071075296732 0.0006117450909010875
57.800000000000004 0.012160278259065781 0.07797524690267348 31.774034375974523 0.9588057127153627 0.0060542016576778 0.0006056534299973932
57.900000000000006 0.012039022082941553 0.07758550793460578 31.78179292676798 0.9590398329008933 0.005993938365763496 0.0005996224753094437
58.0 0.011918977573012293 0.07719772526769261 31.78951269929475 0.959272782922661 0.005934275159278198 0.0005936516209493779
58.1 0.01180013257075599 0.07681188895853294 31.797193888190606 0.9595045686539486 0.005875206058230222 0.000587740267094846
58.2 0.01168247504066405 0.07642798911610867 31.804836687102217 0.959735195938192 0.005816725142309569 0.0005818878199279209
58.300000000000004 0.011565993068976701 0.07604601590148133 31.812441288692362 0.9599646705891375 0.0057588265502906515 0.0005760936915746338
58.400000000000006 0.011450674862431882 0.07566595952749124 31.82000788464511 0.9601929983909979 0.0057015044794402996 0.0005703573000451265
58.5 0.011336508747027246 0.07528781025845832 31.827536665670955 0.9604201850986078 0.005644753184932735 0.0005646780691744108
58.6 0.011223483166795369 0.07491155840988548 31.835027821511943 0.9606462364375783 0.005588566979269854 0.0005590554285637333
58.7 0.011111586682591863 0.07453719434816374 31.842481540946764 0.96087115810445 0.005532940231707138 0.0005534888135225362
58.800000000000004 0.011000807970896326 0.07416470849027969 31.84989801179579 0.961094955766846 0.005477867367687088 0.0005479776650110122
58.900000000000006 0.010891135822625887 0.07379409130352473 31.857277420926142 0.9613176350636241 0.0054233428682752115 0.0005425214295832362
59.0 0.010782559141961363 0.0734253333052066 31.86461995425666 0.961539201605027 0.005369361269604075 0.0005371195593308841
59.1 0.010675066945185734 0.07305842506236271 31.871925796762895 0.9617596609728332 0.0053159171623234575 0.0005317715118275191
59.2 0.010568648359534895 0.07269335719147553 31.879195132482046 0.9619790187205052 0.005263005191052944 0.0005264767500734462
59.300000000000004 0.01046329262206055 0.07233012035819016 31.886428144517865 0.9621972803733385 0.005210620053843925 0.0005212347424411283
59.400000000000006 0.010358989078504976 0.07196870527703335 31.893625015045565 0.962414451428609 0.005158756501643609 0.0005160449626211532
59.5 0.010255727182187787 0.07160910271113508 31.90078592531668 0.9626305373557199 0.005107409337766565 0.000510906889568757
59.6 0.010153496492904233 0.07125130347195142 31.907911055663874 0.9628455435963469 0.005056573417370931 0.0005058200074508805
59.7 0.010052286675835275 0.07089529841898994 31.915000585505773 0.9630594755645838 0.005006243646939954 0.0005007838055937762
59.800000000000004 0.009952087500468958 0.07054107845953646 31.922054693351726 0.9632723386470863 0.004956414983768079 0.0004957977784311357
59.900000000000006 0.009852888839533185 0.07018863454838392 31.929073556806568 0.9634841382032157 0.004907082435453261 0.0004908614254527503
60.0 0.009754680667939736 0.0698379576875632 31.936057352575325 0.9636948795651809 0.004858241059393725 0.00048597425115369405
60.1 0.009657453061739223 0.06948903892607532 31.943006256467932 0.9639045680381807 0.00480988596229018 0.000481135764984014
60.2 0.009561196197087226 0.06914186935962617 31.949920443403894 0.9641132089005445 0.0047620122996528 0.0004763454812989443
60.300000000000004 0.009465900349221049 0.0687964401303623 31.95680008741693 0.9643208074038726 0.004714615275312464 0.00047160291930961216
60.400000000000006 0.00937155589144737 0.06845274242660906 31.963645361659587 0.964527368773175 0.004667690140938865 0.00046690760303425444
60.5 0.009278153294140359 0.06811076748261012 31.97045643840785 0.964732898207011 0.004621232195561212 0.00046225906124992095
60.6 0.009185683123750378 0.0677705065782689 31.977233489065675 0.9649374008776255 0.004575236785094928 0.0004576568274446735
60.7 0.009094136041823032 0.06743195103889191 31.983976684169562 0.9651408819310875 0.004529699301873049 0.00045310043977026616
60.800000000000004 0.009003502804028436 0.06709509223493339 31.990686193393056 0.9653433464874256 0.004484615184182621 0.00044858944099530646
60.900000000000006 0.008913774259200716 0.06675992158174213 31.997362185551232 0.9655447996407633 0.00443997991580436 0.00044412337845889263
61.0 0.008824941348387428 0.06642643053930954 32.00400482860516 0.9657452464594541 0.004395789025559093 0.00043970180402471597
61.1 0.008736995103909014 0.0660946106120197 32.010614289666364 0.9659446919862155 0.004352038086856349 0.00043532427403563474
61.2 0.008649926648428015 0.06576445334840098 32.0171907350012 0.9661431412382617 0.004308722717249525 0.000430990349268702
61.300000000000004 0.00856372719402804 0.06543595034087929 32.02373433003529 0.9663405992074368 0.004265838577994403 0.0004266995948906554
61.400000000000006 0.008478388041302277 0.06510909322553293 32.030245239357846 0.9665370708603459 0.004223381373612829 0.00042245158041385035
61.5 0.008393900578451574 0.06478387368184915 32.03672362672603 0.9667325611384862 0.0041813468514590646 0.00041824587965264546
61.6 0.008310256280391863 0.06446028343248214 32.04316965506928 0.9669270749583776 0.004139730801293965 0.0004140820706802265
61.7 0.00822744670787093 0.06413831424301285 32.04958348649358 0.967120617211692 0.004098529054858408 0.00040995973578586745
61.800000000000004 0.00814546350659437 0.06381795792171029 32.05596528228575 0.9673131927653817 0.0040577374854566415 0.00040587846143262657
61.900000000000006 0.008064298406360566 0.06349920631929412 32.06231520291768 0.967504806461809 0.004017352007538677 0.00040183783821546524
62.0 0.007983943220204823 0.06318205132869945 32.068633408050545 0.967695463118871 0.003977368576290604 0.00039783746081979775
62.1 0.007904389843552182 0.06286648488484219 32.074920056539035 0.9678851675301294 0.003937783187227274 0.0003938769279804511
62.2 0.007825630253379283 0.06255249896438704 32.081175306435476 0.9680739244649336 0.003898591875789034 0.00038995584244105104
62.300000000000004 0.007747656507384737 0.062240085585516094 32.08739931499402 0.9682617386685475 0.0038597907169429426 0.0003860738109138078
62.400000000000006 0.007670460743168214 0.06192923680769937 32.093592238674795 0.9684486148622745 0.0038213758247888016 0.00038223044403971586
62.5 0.00759403517741806 0.061619944731466855 32.09975423314795 0.9686345577435803 0.003783343352166578 0.0003784253563491535
62.6 0.007518372105107238 0.061312201498181576 32.105885453297766 0.9688195719862164 0.0037456894902708586 0.000374658166222878
62.7 0.007443463898697785 0.06100599928981487 32.11198605322675 0.969003662240343 0.003708410468267695 0.00037092849585342133
62.800000000000004 0.007369303007353341 0.060701330328722373 32.118056186259615 0.9691868331326503 0.0036715025529137175 0.00036723597120686855
62.900000000000006 0.007295881956159963 0.06039818687742192 32.12409600494736 0.9693690892664812 0.0036349620481829622 0.00036358022198502846
63.0 0.007223193345354937 0.0600965612383726 32.1301056610712 0.9695504352219495 0.003598785294893306 0.00035996088158798126
63.1 0.007151229849563616 0.05979644575375537 32.136085305646574 0.9697308755560612 0.0035629686703397365 0.0003563775870770084
63.2 0.00707998421704416 0.059497832805255016 32.1420350889271 0.9699104148028337 0.0035275085879294442 0.0003528299791378945
63.300000000000004 0.007009449268940052 0.05920071481384347 32.147955160408486 0.970089057473414 0.003492401496821421 0.0003493177020446005
63.400000000000006 0.006939617898540419 0.05890508423956466 32.15384566883244 0.9702668080561967 0.0034576438815687796 0.0003458404036233041
63.5 0.006870483070547913 0.05861093358132045 32.159706762190574 0.9704436710169413 0.0034232322617665694 0.00034239773521680094
63.6 0.006802037820354225 0.05831825537665811 32.165538587728236 0.9706196507988886 0.00338916319170121 0.00033898935164926764
63.7 0.006734275253323059 0.05802704220155917 32.171341291948394 0.9707947518228773 0.0033554332600036524 0.0003356149111913787
63.800000000000004 0.006667188544080534 0.05773728667022955 32.17711502061541 0.9709689784874581 0.0033220390893070385 0.00033227407552577685
63.900000000000006 0.006600770935812875 0.05744898143489088 32.1828599187589 0.9711423351690104 0.00328897733590709 0.00032896650971288917
64.0 0.006535015739571387 0.05716211918557335 32.18857613067746 0.9713148262218543 0.003256244689426118 0.00032569188215709056
64.10000000000001 0.006469916333584582 0.05687669264990969 32.194263799942455 0.9714864559783649 0.00322383787248009 0.0003224498645732069
64.2 0.006405466162577436 0.05659269459293061 32.19992306940175 0.9716572287490859 0.0031917536403495445 0.0003192401319533575
64.3 0.006341658737097602 0.0563101178168613 32.20555408118343 0.9718271488228404 0.0031599887806530082 0.00031606236253412954
64.4 0.006278487632848598 0.05602895516091924 32.21115697669952 0.971996220466844 0.0031285401130247054 0.000312916237764084
64.5 0.006215946490029951 0.05574919950111369 32.216731896649634 0.972164447926815 0.0030974044887945554 0.00030980144227159355
64.60000000000001 0.006154029012683941 0.05547084375004557 32.222278981024644 0.9723318354270846 0.0030665787906720113 0.0003067176638329951
64.7 0.006092728968049294 0.05519388085670953 32.22779836911032 0.9724983871707069 0.0030360599324333057 0.00030366459334107423
64.8 0.006032040185921364 0.05491830380629651 32.233290199490945 0.9726641073395688 0.0030058448586097637 0.00030064192477385844
64.9 0.005971956558018976 0.05464410561999792 32.23875461005294 0.9728290000944979 0.0029759305441831784 0.0002976493551637294
65.0 0.0059124720373577916 0.05437127935481099 32.24419173798843 0.972993069575371 0.0029463139942798276 0.000294686584566846
65.10000000000001 0.005853580637630027 0.05409981810334498 32.24960171979876 0.9731563199012205 0.0029169922438709896 0.0002917533160328715
65.2 0.00579527643259072 0.053829714993629305 32.25498469129813 0.9733187551703432 0.0028879623574739883 0.00028884925557501345
65.3 0.005737553555450073 0.053560963188921805 32.26034078761702 0.9734803794604047 0.002859221428858526 0.0002859741121403547
65.4 0.005680406198272269 0.05329355588751922 32.265670143205774 0.9736411968285466 0.0028307665807534264 0.0002831275975804929
65.5 0.005623828611380318 0.053027486322568214 32.27097289183803 0.9738012113114899 0.0028025949645586745 0.00028030942662247017
65.60000000000001 0.00556781510276704 0.0527627477618776 32.27624916661422 0.9739604269256423 0.0027747037600595256 0.0002775193168399959
65.7 0.005512360037512157 0.05249933350773206 32.281499099964996 0.9741188476671993 0.002747090175141591 0.0002747569886249614
65.8 0.0054574578372052545 0.052237236896706424 32.286722823654664 0.9742764775122493 0.002719751445512653 0.00027202216515923787
65.9 0.005403102979374782 0.05197645129948168 32.29192046878461 0.9744333204168768 0.002692684834423012 0.0002693145723867614
66.0 0.005349289996922847 0.05171697012066178 32.29709216579668 0.9745893803172636 0.002665887632392459 0.0002666339389858978
66.10000000000001 0.00529601347756578 0.05145878679859145 32.30223804447654 0.9747446611297915 0.0026393571569368907 0.00026397999634208307
66.2 0.00524326806328051 0.05120189480517547 32.30735823395705 0.974899166751143 0.0026130907522996603 0.0002613524785207438
66.3 0.0051910484497565326 0.05094628764569865 32.31245286272162 0.9750529010584025 0.0025870857891842395 0.0002587511222404848
66.4 0.005139349385853537 0.050691958858647086 32.31752205860749 0.9752058679091565 0.0025613396644913974 0.00025617566684654937
66.5 0.005088165673064606 0.05043890201553066 32.322565948809036 0.9753580711415925 0.0025358498010567996 0.0002536258542845474
66.60000000000001 0.0050374921649848385 0.05018711072070616 32.327584659881104 0.975509514574599 0.0025106136473923525 0.00025110142907444383
66.7 0.004987323766785509 0.04993657861120197 32.332578317742225 0.9756602020078641 0.0024856286774306287 0.00024860213828481297
66.8 0.004937655434693511 0.049687299356543375 32.33754704767788 0.9758101372219723 0.0024608923902711545 0.000246127731507348
66.9 0.004888482175476178 0.04943926665857908 32.34249097434374 0.9759593239785038 0.0024364023099285592 0.00024367796083162792
67.0 0.004839799045931416 0.04919247425130909 32.34741022176887 0.97610776602013 0.0024121559850853605 0.0002412525808201413
67.10000000000001 0.004791601152382913 0.04894691590071285 32.35230491335894 0.9762554670707115 0.0023881509888448362 0.0002388513484835538
67.2 0.004743883650180676 0.04870258540457927 32.35717517189939 0.9764024308353921 0.0023643849184876477 0.00023647402325623242
67.3 0.00469664174320654 0.04845947659233713 32.36202111955863 0.9765486610006968 0.0023408553952314333 0.0002341203669720094
67.4 0.004649870683384794 0.04821758332488675 32.366842877891116 0.9766941612346243 0.0023175600639907187 0.0002317901438401929
67.5 0.004603565770197809 0.04797689949443278 32.37164056784056 0.9768389351867428 0.0022944965931421244 0.0002294831204218184
67.60000000000001 0.004557722350206544 0.047737419024317516 32.37641430974299 0.9769829864882843 0.0022716626742890016 0.00022719906560613563
67.7 0.004512335816576071 0.04749913586885592 32.381164223329876 0.9771263187522367 0.0022490560220302627 0.00022493775058733792
67.8 0.004467401608605793 0.04726204401317083 32.38589042773119 0.977268935573438 0.0022266743737315215 0.00022269894884151742
67.9 0.004422915211264573 0.04702613747302968 32.390593041478496 0.9774108405286683 0.0022045154892975463 0.00022048243610385795
68.0 0.004378872154730573 0.046791410294682145 32.395272182507966 0.9775520371767417 0.0021825771509473525 0.0002182879903460548
68.10000000000001 0.004335268013935731 0.046557856554698324 32.39992796816343 0.9776925290585977 0.0021608571629917234 0.0002161153917539592
68.2 0.004292098408114981 0.04632547035980844 32.404560515199414 0.977832319697393 0.0021393533516140357 0.00021396442270545145
68.3 0.004249359000359966 0.04609424584674299 32.40916993978409 0.9779714125985911 0.002118063564650181 0.0002118348677485314
68.4 0.004207045497177377 0.04586417718207412 32.4137563575023 0.9781098112500523 0.0020969856713739083 0.0002097265135796326
68.5 0.004165153648051767 0.045635258562057954 32.41831988335851 0.9782475191221242 0.002076117562282809 0.00020763914902215315
68.60000000000001 0.004123679245012796 0.045407484212477554 32.422860631779756 0.9783845396677301 0.0020554571488870664 0.0002055725650052
68.7 0.0040826181222069135 0.04518084838848709 32.427378716618605 0.9785208763224578 0.0020350023634988484 0.00020352655454254956
68.8 0.004041966155473391 0.044955345374456814 32.431874251156046 0.9786565325046473 0.0020147511590262335 0.00020150091271181728
68.9 0.004001719261924655 0.044730969483818786 32.43634734810443 0.9787915116154801 0.0019947015087671237 0.0001994954366338364
69.0 0.003961873399530934 0.04450771505891385 32.440798119610314 0.978925817039064 0.001974851406205359 0.00019750992545224577
69.10000000000001 0.003922424566709076 0.044285576470839104 32.4452266772574 0.9790594521425222 0.001955198864810697 0.0001955441803132788
69.2 0.0038833688019156076 0.04406454811929658 32.44963313206933 0.9791924202760777 0.0019357419178391176 0.00019359800434575885
69.3 0.003844702183243871 0.04384462443244252 32.45401759451257 0.9793247247731403 0.0019164786181351005 0.0001916712026412922
69.4 0.003806420828025289 0.043625799866737626 32.45838017449925 0.9794563689503923 0.0018974070379363388 0.00018976358223466095
69.5 0.003768520892434732 0.04340806890679849 32.46272098138993 0.9795873561078723 0.0018785252686815373 0.0001878749520844145
69.60000000000001 0.0037309985710997713 0.04319142606524917 32.467040123996455 0.9797176895290604 0.001859831420817425 0.00018600512305365065
69.7 0.0036938500967140476 0.04297586588257442 32.47133771058471 0.9798473724809623 0.0018413236236107448 0.00018415390789099548
69.8 0.003657071739654455 0.04276138292697311 32.47561384887741 0.979976408214193 0.0018230000249585682 0.00018232112121176883
69.9 0.0036206598076022754 0.042547971794212915 32.47986864605683 0.9801047999630594 0.0018048587912054704 0.0001805065794793414
70.0 0.0035846106451681544 0.04233562710748569 32.484102208767574 0.9802325509456438 0.001786898106956816 0.00017871010098667876
70.10000000000001 0.0035489206335208353 0.04212434351726348 32.4883146431193 0.980359664363886 0.0017691161748986865 0.00017693150583806758
70.2 0.003513586190019763 0.04191411570115588 32.49250605468942 0.9804861434036648 0.0017515112156165726 0.00017517061593103007
70.3 0.0034786037678512876 0.04170493836376747 32.4966765485258 0.9806119912348796 0.0017340814674171655 0.00017342725493841354
70.4 0.0034439698556686742 0.04149680623655677 32.50082622914945 0.980737211011532 0.001716825186152575 0.00017170124829066452
70.5 0.0034096809772357077 0.0412897140776956 32.50495520055723 0.9808618058718058 0.001699740645043761 0.00016999242315827832
70.60000000000001 0.0033757336910739113 0.04108365667192924 32.50906356622442 0.9809857789381473 0.0016828261345091652 0.00016830060843442396
70.7 0.0033421245901133763 0.04087862883043765 32.51315142910746 0.9811091333173451 0.0016660799619918937 0.00016662563471774505
70.8 0.0033088503013470817 0.0406746253906971 32.51721889164653 0.9812318721006097 0.0016495004517911036 0.00016496733429533015
70.9 0.0032759074854887805 0.04047164121634296 32.521266055768166 0.9813539983636522 0.001633085944892821 0.00016332554112585715
71.0 0.0032432928366343088 0.04026967119703306 32.52529302288787 0.9814755151667627 0.001616834798805415 0.0001617000908229042
71.10000000000001 0.003211003081926334 0.040068710248311795 32.5292998939127 0.9815964255548884 0.001600745387392947 0.00016009082063842778
71.2 0.0031790349812225215 0.03986875331147515 32.53328676924385 0.9817167325577121 0.001584816100713175 0.0001584975694464079
71.3 0.003147385326767037 0.03966979535343633 32.53725374877919 0.9818364391897282 0.0015690453448563221 0.00015692017772665523
71.4 0.003116050942865384 0.0394718313665922 32.54120093191585 0.9819555484503207 0.0015534315417848354 0.0001553584875487812
71.5 0.00308502868556256 0.039274856368690644 32.545128417552725 0.9820740633238392 0.0015379731291752423 0.00015381234255632973
71.60000000000001 0.003054315442324427 0.039078865402698344 32.54903630409299 0.9821919867796748 0.0015226685602623305 0.00015228158795106543
71.7 0.003023908131722348 0.038883853536669614 32.55292468944666 0.9823093217723364 0.0015075163036825383 0.00015076607047742155
71.8 0.0029938037031209887 0.03868981586361577 32.55679367103303 0.9824260712415257 0.0014925148433217786 0.00014926563840710186
71.9 0.0029639991363692793 0.038496747501375224 32.56064334578316 0.9825422381122116 0.001477662678163141 0.00014778014152383703
72.0 0.0029344914414945536 0.03830464359248467 32.56447381014241 0.982657825294706 0.0014629583221364702 0.00014630943110829605
72.10000000000001 0.0029052776583996854 0.0381134993040503 32.56828516007282 0.9827728356847368 0.001448400303968718 0.0001448533599231435
72.2 0.002876354856563396 0.0379233098276205 32.57207749105558 0.9828872721635219 0.0014339871670380538 0.0001434117821982523
72.3 0.002847720134743508 0.03773407037905868 32.575850898093485 0.9830011375978426 0.0014197174692259754 0.00014198455361605992
72.4 0.00281937062068325 0.03754577619841711 32.57960547571333 0.9831144348401173 0.0014055897827741771 0.00014057153129707354
72.5 0.002791303470820521 0.03735842254981145 32.58334131796831 0.983227166728473 0.0013916026941413065 0.00013917257378552014
72.60000000000001 0.002763515870000062 0.03717200472129571 32.587058518440436 0.9833393360868179 0.0013777548038599295 0.00013778754103513813
72.7 0.0027360050311886035 0.03698651802473844 32.59075717024291 0.983450945724914 0.0013640447263988174 0.0001364162943951151
72.8 0.0027087681951928084 0.03680195779569891 32.59443736602248 0.9835619984384477 0.001350471090021232 0.00013505869659616134
72.9 0.0026818026303801336 0.03661831939330459 32.598099197961815 0.9836724970091011 0.0013370325366496376 0.00013371461173672708
73.0 0.00265510563240249 0.03643559820012902 32.60174275778183 0.9837824442046228 0.0013237277217289668 0.0001323839052693554
73.10000000000001 0.0026286745239226658 0.03625378962207031 32.60536813674403 0.9838918427788985 0.0013105553140910966 0.0001310664439871715
73.2 0.0026025066543435677 0.036072889088230566 32.60897542565286 0.9840006954720212 0.0012975139958227603 0.0001297620960105088
73.3 0.002576599399540134 0.03589289205079561 32.61256471485794 0.9841090050103598 0.0012846024621323427 0.00012847073077366632
73.4 0.002550950161594012 0.03571379398491577 32.61613609425643 0.9842167741066298 0.0012718194212202188 0.00012719221901180125
73.5 0.0025255563685308824 0.035535590388587064 32.61968965329529 0.984324005459961 0.0012591635941483117 0.00012592643274795097
73.60000000000001 0.0025004154740604317 0.03535827678253305 32.623225480973545 0.9844307017559671 0.001246633714712304 0.00012467324528018473
73.7 0.002475524957318972 0.03518184871008751 32.62674366584455 0.9845368656668131 0.001234228529314957 0.00012343253116888517
73.8 0.002450882322614637 0.03500630173707755 32.63024429601826 0.984642499851284 0.0012219467968408648 0.00012220416622415556
73.9 0.0024264850991751524 0.03483163145170746 32.63372745916343 0.9847476069548514 0.0012097872885310896 0.00012098802749335358
74.0 0.002402330840898174 0.034657833464443316 32.63719324250987 0.9848521896097413 0.001197748787860792 0.00011978399324875057
74.10000000000001 0.002378417126104103 0.03448490340789795 32.64064173285066 0.9849562504350009 0.0011858300904168514 0.00011859194297531256
74.2 0.0023547415572914396 0.03431283693671684 32.64407301654433 0.985059792036565 0.0011740300037783697 0.00011741175735860491
74.3 0.002331301760894562 0.0341416297274644 32.64748717951708 0.9851628170073218 0.0011623473473953909 0.00011624331827281706
74.4 0.0023080953870439685 0.03397127747851093 32.650884307264924 0.985265327927179 0.0011507809524723904 0.00011508650876890667
74.5 0.002285120109328964 0.033801775909920506 32.65426448485592 0.9853673273631302 0.0011393296618497596 0.00011394121306286467
74.60000000000001 0.0022623736245626657 0.03363312076333882 32.65762779693225 0.9854688178693175 0.001127992329888948 0.00011280731652409343
74.7 0.00223985365254946 0.03346530780188239 32.66097432771244 0.9855698019870991 0.0011167678223570465 0.00011168470566390549
74.8 0.002217557935854743 0.03329833281002776 32.664304160993446 0.9856702822451123 0.0011056550163133622 0.00011057326812413416
74.9 0.0021954842395770116 0.03313219159350172 32.66761738015279 0.9857702611593373 0.0010946527999974318 0.0001094728926658593
75.0 0.002173630351122246 0.032966879979171866 32.670914068150715 0.9858697412331626 0.0010837600727163642 0.00010838346915824617
75.10000000000001 0.002151994079980545 0.032802393814937846 32.67419430753221 0.9859687249574464 0.001072975744736174 0.00010730488856749388
75.2 0.002130573257505061 0.032638728969623346 32.67745818042917 0.9860672148105809 0.0010622987371718903 0.00010623704294589762
75.3 0.002109365736693088 0.0324758813328683 32.680705768562454 0.9861652132585556 0.0010517279818784361 0.00010517982542101599
75.4 0.002088369391969423 0.032313846815022064 32.68393715324396 0.9862627227550188 0.001041262421345723 0.00010413313018495047
75.5 0.002067582118971878 0.032152621347036996 32.68715241537867 0.9863597457413403 0.0010309010085912985 0.00010309685248372982
75.60000000000001 0.00204700183433894 0.031992200880362545 32.690351635466705 0.9864562846466725 0.0010206427070560977 0.00010207088860680088
75.7 0.0020266264754996016 0.031832581386840135 32.69353489360539 0.986552341888013 0.0010104864904996345 0.0001010551358766251
75.8 0.0020064540004652697 0.03167375885859831 32.69670226949125 0.9866479198702656 0.0010004313428987421 0.00010004949263837782
75.9 0.0019864823876238 0.031515729307948756 32.69985384242204 0.9867430209863003 0.0009904762583447552 9.905385824975177e-05
76.0 0.0019667096355355934 0.03135848876728272 32.70298969129877 0.9868376476170153 0.0009806202409430181 9.806813307086182e-05
76.10000000000001 0.001947133762731731 0.03120203328896797 32.706109894627666 0.9869318021313959 0.0009708623047130563 9.709221845425014e-05
76.2 0.0019277528075141645 0.03104635894524642 32.70921453052219 0.9870254868865751 0.0009612014734899643 9.612601673499227e-05
76.3 0.001908564827757894 0.030891461828132172 32.712303676705 0.9871187042278935 0.0009516367808269006 9.516943122090086e-05
76.4 0.0018895679007151472 0.030737338049310215 32.71537741050994 0.9872114564889589 0.0009421672698976888 9.422236618282803e-05
76.5 0.001870760122821537 0.030583983740035705 32.71843580888394 0.9873037459917037 0.0009327919934013034 9.328472684506486e-05
76.60000000000001 0.0018521396095041432 0.030431395051033587 32.72147894838904 0.9873955750464456 0.0009235100134673505 9.235641937583553e-05
76.7 0.001833704494991554 0.03027956815239902 32.72450690520429 0.9874869459519453 0.0009143204015614338 9.143735087788804e-05
76.80000000000001 0.0018154529321257886 0.030128499233498078 32.72751975512764 0.9875778609954642 0.0009052222383928487 9.052742937917717e-05
76.9 0.001797383092176139 0.02997818450286924 32.73051757357792 0.9876683224528229 0.0008962146138219399 8.962656382364235e-05
77.0 0.001779493164654859 0.02982862018812519 32.73350043559673 0.9877583325884587 0.0008872966267692321 8.873466406207584e-05
77.10000000000001 0.0017617813571347153 0.029679802535855216 32.73646841585032 0.9878478936554825 0.0008784673851257774 8.785164084308314e-05
77.2 0.0017442458950683865 0.029531727811528286 32.739421588631465 0.9879370078957359 0.0008697260056623915 8.69774058041341e-05
77.30000000000001 0.001726885021609648 0.029384392299396357 32.74236002786141 0.9880256775398484 0.0008610716139425482 8.611187146270177e-05
77.4 0.0017096969974363825 0.02923779230239847 32.745283807091646 0.9881139048072926 0.0008525033442344945 8.52549512074916e-05
77.5 0.001692680100575348 0.029091924142065163 32.748192999505854 0.9882016919064417 0.000844020339424029 8.440655928975682e-05
77.60000000000001 0.0016758326262287105 0.028946784158423458 32.751087677921696 0.9882890410346242 0.0008356217509293863 8.356661081470085e-05
77.7 0.0016591528866023442 0.028802368709902527 32.75396791479269 0.9883759543781803 0.0008273067386156745 8.273502173296687e-05
77.80000000000001 0.001642639210735806 0.02865867417323947 32.75683378221001 0.9884624341125161 0.0008190744707110858 8.191170883220967e-05
77.9 0.001626289944334073 0.02851569694338605 32.759685351904345 0.9885484824021599 0.0008109241237234384 8.109658972875464e-05
78.0 0.001610103449600929 0.02837343343341557 32.76252269524769 0.988634101400816 0.0008028548823582678 8.028958285933774e-05
78.10000000000001 0.0015940781050740442 0.02823188007443043 32.76534588325513 0.9887192932514186 0.0007948659394365851 7.949060747292904e-05
78.2 0.0015782123054617126 0.028091033315470193 32.76815498658668 0.9888040600861878 0.0007869564958136293 7.869958362263808e-05
78.30000000000001 0.0015625044614812034 0.02795088962341989 32.77095007554902 0.988888404026681 0.00077912576029995 7.791643215769855e-05
78.4 0.0015469529996987833 0.02781144548291929 32.77373122009731 0.9889723271838489 0.0007713729495820425 7.714107471553557e-05
78.5 0.0015315563623712843 0.027672697396272056 32.77649848983694 0.9890558316580867 0.0007636972881430925 7.637343371390905e-05
78.60000000000001 0.001516313007289315 0.02753464188335591 32.77925195402528 0.9891389195392886 0.0007560980081857151 7.561343234313803e-05
78.7 0.0015012214076220176 0.027397275481532993 32.78199168157342 0.9892215929068995 0.0007485743495556923 7.486099455840148e-05
78.80000000000001 0.0014862800517633846 0.027260594745560713 32.78471774104798 0.9893038538299688 0.0007411255596650409 7.411604507211583e-05
78.9 0.0014714874431801309 0.027124596247503213 32.78743020067273 0.9893857043672015 0.0007337508934166324 7.337850934638926e-05
79.0 0.001456842100261072 0.026989276576643104 32.7901291283304 0.9894671465670102 0.0007264496131309207 7.264831358555031e-05
79.10000000000001 0.001442342556168036 0.02685463233939385 32.79281459156434 0.9895481824675673 0.0007192209884702247 7.19253847287522e-05
79.2 0.0014279873586882585 0.026720660159212557 32.795486657580255 0.9896288140968561 0.0007120642963670048 7.120965044265033e-05
79.30000000000001 0.0014137750700882533 0.026587356676513116 32.79814539324791 0.9897090434727226 0.0007049788209506959 7.050103911415245e-05
79.4 0.0013997042669691674 0.026454718548580017 32.80079086510276 0.9897888726029253 0.0006979638534764228 6.97994798432423e-05
79.5 0.0013857735401235653 0.0263227424494824 32.803423139347714 0.9898683034851868 0.0006910186922540497 6.910490243587373e-05
79.60000000000001 0.0013719814943936623 0.026191425069988672 32.806042281854715 0.9899473381072437 0.0006841426425775582 6.84172373969362e-05
79.7 0.001358326748530984 0.02606076311748165 32.80864835816646 0.9900259784468967 0.0006773350166565344 6.773641592329097e-05
79.80000000000001 0.001344807935057416 0.025930753315873953 32.81124143349805 0.9901042264720612 0.0006705951335455436 6.706236989687565e-05
79.9 0.0013314237001276668 0.025801392405524034 32.813821572738604 0.9901820841408159 0.0006639223190776116 6.639503187787874e-05
80.0 0.0013181727033930936 0.02567267714315254 32.81638884045292 0.9902595534014529 0.0006573159057959273 6.573433509798136e-05
80.10000000000001 0.0013050536178668953 0.025544604301759064 32.8189433008831 0.9903366361925261 0.0006507752328876532 6.508021345366656e-05
80.2 0.0012920651297906797 0.025417170670539627 32.82148501795015 0.9904133344429012 0.0006442996461162908 6.443260149959646e-05
80.30000000000001 0.0012792059385023306 0.02529037305480418 32.82401405525564 0.9904896500718037 0.0006378884977584844 6.379143444205363e-05
80.4 0.0012664747563052262 0.025164208275894814 32.82653047608323 0.9905655849888665 0.0006315411465371611 6.31566481324493e-05
80.5 0.001253870308338762 0.025038673171104357 32.82903434340033 0.9906411410941791 0.000625256957558109 6.252817906089584e-05
80.60000000000001 0.0012413913324501695 0.02491376459359534 32.83152571985969 0.990716320278336 0.0006190353022468878 6.190596434984345e-05
80.7 0.001229036579067619 0.024789479412319442 32.834004667800926 0.9907911244224826 0.0006128755582852931 6.128994174778025e-05
80.80000000000001 0.0012168048110745926 0.024665814511937292 32.83647124925212 0.9908655553983637 0.0006067771095487085 6.068004962299509e-05
80.9 0.0012046948036855297 0.02454276679273885 32.838925525931394 0.9909396150683706 0.0006007393460461188 6.00762269574033e-05
81.0 0.0011927053443226933 0.024420333170563965 32.84136755924845 0.9910133052855877 0.0005947616638564597 5.9478413340432806e-05
81.10000000000001 0.0011808352324942837 0.02429851057672346 32.843797410306124 0.9910866278938402 0.0005888434650706268 5.8886548962971874e-05
81.2 0.0011690832796737913 0.024177295957920845 32.846215139901915 0.9911595847277385 0.0005829841577301535 5.8300574611378126e-05
81.30000000000001 0.00115744830918052 0.024056686276174032 32.84862080852954 0.9912321776127266 0.0005771831557687733 5.7720431661545426e-05
81.4 0.0011459291560613374 0.02393667850873777 32.851014476380406 0.9913044083651265 0.0005714398789532039 5.714606207303146e-05
81.5 0.0011345246669735968 0.023817269648026374 32.85339620334521 0.9913762787921854 0.0005657537528249291 5.657740838324321e-05
81.60000000000001 0.0011232337000692315 0.02369845670153683 32.855766049015365 0.9914477906921194 0.0005601242086435332 5.601441370168051e-05
81.7 0.0011120551248800265 0.02358023669177248 32.85812407268454 0.9915189458541606 0.0005545506833290357 5.545702170423759e-05
81.80000000000001 0.0011009878222039973 0.023462606656166715 32.86047033335016 0.9915897460586008 0.0005490326194060004 5.490517662755983e-05
81.9 0.001090030683992967 0.023345563647007614 32.86280488971486 0.9916601930768374 0.0005435694649471994 5.435882326345923e-05
82.0 0.0010791826132412132 0.023229104731362478 32.86512780018799 0.9917302886714167 0.0005381606735187186 5.381790695338329e-05
82.10000000000001 0.0010684425238752615 0.023113226991003023 32.8674391228871 0.9918000345960798 0.0005328057041257293 5.328237358294034e-05
82.2 0.0010578093406447744 0.022997927522330947 32.86973891563933 0.9918694325958053 0.0005275040211573693 5.275216957647912e-05
82.30000000000001 0.001047281999014527 0.022883203436303744 32.87202723598296 0.9919384844068544 0.0005222550943337325 5.2227241891722296e-05
82.4 0.0010368594450574807 0.022769051858361172 32.8743041411688 0.9920071917568138 0.0005170583986526355 5.170753801445405e-05
82.5 0.0010265406353488957 0.02265546992835169 32.87656968816163 0.9920755563646394 0.0005119134143374935 5.1193005953259305e-05
82.60000000000001 0.00101632453686154 0.02254245480045973 32.87882393364168 0.9921435799407001 0.0005068196267845283 5.068359423431711e-05
82.7 0.001006210126861928 0.0224300036431331 32.88106693400599 0.9922112641868202 0.0005017765265118632 5.0179251896245075e-05
82.80000000000001 0.000996196392807592 0.022318113639010713 32.88329874536989 0.9922786107963218 0.0004967836091081722 4.967992848499472e-05
82.9 0.0009862823322453944 0.022206781984850873 32.885519423568375 0.9923456214540688 0.0004918403751828831 4.9185574048798755e-05
83.0 0.0009764669527108532 0.02209600589145981 32.88772902415752 0.9924122978365081 0.00048694633031504694 4.869613913316802e-05
83.10000000000001 0.0009667492716284731 0.021985782583620637 32.88992760241589 0.9924786416117124 0.0004821009850048706 4.82115747759387e-05
83.2 0.0009571283162130752 0.021876109300022654 32.89211521334589 0.9925446544394214 0.000477303854624139 4.773183250236856e-05
83.30000000000001 0.0009476031233721118 0.021766983293190996 32.89429191167521 0.992610337971085 0.00047255445936852323 4.7256864320282375e-05
83.4 0.0009381727396089676 0.021658401829416772 32.89645775185815 0.9926756938499028 0.0004678523242081113 4.678662271526582e-05
83.5 0.0009288362209272126 0.02155036218868737 32.898612788077024 0.9927407237108677 0.00046319697884126903 4.6321060645906814e-05
83.60000000000001 0.000919592632735819 0.02144286166461719 32.90075707424349 0.992805429180805 0.00045858795764716707 4.586013153908439e-05
83.7 0.0009104410497553443 0.021335897564378963 32.90289066399992 0.9928698118784144 0.0004540247996389741 4.540378928530557e-05
83.80000000000001 0.0009013805559250199 0.021229467208635028 32.905013610720786 0.992933873414311 0.0004495070484173815 4.4951988234087014e-05
83.9 0.0008924102443107952 0.021123567931469286 32.90712596751393 0.9929976153910646 0.00044503425212579265 4.4504683189384005e-05
84.0 0.0008835292170142893 0.021018197080319347 32.90922778722196 0.993061039403241 0.0004406059634047344 4.4061829405064496e-05
84.10000000000001 0.0008747365850826552 0.020913352015909062 32.91131912242355 0.993124147037442 0.00043622173934660074 4.3623382580428274e-05
84.2 0.0008660314684193546 0.02080903011218152 32.91340002543477 0.9931869398723446 0.000431881141452394 4.318929885577121e-05
84.30000000000001 0.0008574129956958001 0.020705228756232087 32.91547054831039 0.9932494194787416 0.00042758373558668866 4.2759534807992646e-05
84.4 0.0008488803042639178 0.020601945348242213 32.917530742845216 0.9933115874195805 0.00042332909193503756 4.233404744624825e-05
84.5 0.000840432540069548 0.020499177301413197 32.919580660575356 0.9933734452500026 0.00041911678496048835 4.191279420764449e-05
84.60000000000001 0.0008320688575667351 0.020396922041900526 32.92162035277955 0.9934349945173829 0.00041494639336109925 4.1495732952977156e-05
84.7 0.0008237884196328657 0.02029517700874848 32.923649870480425 0.9934962367613684 0.00041081750002823015 4.108282196251188e-05
84.80000000000001 0.0008155903974846556 0.02019393965382505 32.92566926444581 0.9935571735139168 0.0004067296920039461 4.06740199318068e-05
84.9 0.000807473970594983 0.020093207441757313 32.92767858518998 0.993617806299335 0.0004026825604400843 4.026928596757717e-05
85.0 0.0007994383266105351 0.019992977849866877 32.929677882974964 0.9936781366343179 0.00039867570055787606 3.986857958360024e-05
85.10000000000001 0.0007914826612703021 0.019893248368105975 32.93166720781178 0.9937381660279863 0.00039470871160734636 3.947186069666223e-05
85.2 0.0007836061783248734 0.019794016498993747 32.933646609461675 0.9937978959819236 0.00039078119682537955 3.907908962254497e-05
85.30000000000001 0.0007758080894565342 0.01969527975755275 32.935616137437435 0.9938573279902158 0.00038689276339911433 3.8690227072052334e-05
85.4 0.0007680876142001724 0.01959703567124595 32.93757584100456 0.993916463539487 0.00038304302242400873 3.830523414707682e-05
85.5 0.0007604439798649714 0.019499281779913988 32.93952576918255 0.9939753041089382 0.0003792315888661232 3.792407233670505e-05
85.60000000000001 0.0007528764214568847 0.01940201563571276 32.94146597074612 0.9940338511703835 0.0003754580815240699 3.7546703513362145e-05
85.7 0.000745384181601886 0.019305234803051297 32.94339649422643 0.9940921061882871 0.00037172212298940783 3.717308992899441e-05
85.80000000000001 0.000737966510469985 0.019208936858530003 32.94531738791228 0.9941500706198014 0.00036802333960992307 3.680319421129021e-05
85.9 0.0007306226657000091 0.019113119390879254 32.947228699851365 0.9942077459148013 0.0003643613614520205 3.6436979359938614e-05
86.0 0.0007233519123251244 0.019017780000898165 32.94913047785146 0.9942651335159235 0.0003607358222636706 3.607440874292487e-05
86.10000000000001 0.0007161535226991066 0.018922916301393748 32.9510227694816 0.9943222348585994 0.000357146359438243 3.571544609286302e-05
86.2 0.0007090267764233621 0.018828525917120573 32.95290562207331 0.9943790513710942 0.00035359261397700814 3.5360055503365684e-05
86.30000000000001 0.0007019709602746518 0.01873460648472035 32.95477908272178 0.9944355844745411 0.0003500742304541911 3.500820142544884e-05
86.4 0.0006949853681335579 0.018641155652662174 32.95664319828705 0.9944918355829773 0.00034659085698169256 3.465984866397332e-05
86.5 0.0006880693009136576 0.01854817108118288 32.95849801539517 0.9945478061033799 0.0003431421451729202 3.4314962374121465e-05
86.60000000000001 0.0006812220664914038 0.018455650442227765 32.96034358043939 0.9946034974357001 0.00033972775010806394 3.3973508057908855e-05
86.7 0.0006744429796367134 0.018363591419391707 32.96217993958133 0.9946589109729002 0.0003363473303010352 3.363545156073112e-05
86.80000000000001 0.0006677313619442292 0.018271991707860275 32.964007138752116 0.9947140481009867 0.0003330005476628533 3.330075906794424e-05
86.9 0.0006610865417653012 0.01818084901435163 32.96582522365355 0.9947689101990469 0.00032968706747013853 3.296939710148042e-05
87.0 0.0006545078541406135 0.018090161057058247 32.967634239759256 0.9948234986392813 0.0003264065583301627 3.264133251649619e-05
87.10000000000001 0.0006479946407335055 0.017999925565589228 32.96943423231581 0.9948778147870405 0.000323158692148231 3.2316532498054806e-05
87.2 0.0006415462497639515 0.017910140280912815 32.971225246343906 0.9949318600008579 0.0003199431440949524 3.19949645578414e-05
87.30000000000001 0.0006351620359431998 0.017820802955299177 32.97300732663944 0.994985635632484 0.0003167595925732873 3.167659653091086e-05
87.4 0.0006288413604090709 0.01773191135226362 32.97478051777466 0.9950391430269202 0.0003136077191869275 3.136139657246843e-05
87.5 0.0006225835906618848 0.017643463246509807 32.97654486409931 0.9950923835224539 0.0003104872087078981 3.104933315468151e-05
87.60000000000001 0.0006163881005010507 0.017555456423873614 32.9783004097417 0.9951453584506905 0.0003073977490454913 3.07403750635244e-05
87.7 0.0006102542699622767 0.017467888681267075 32.980047198609824 0.9951980691365874 0.0003043390312146454 3.0434491395653772e-05
87.80000000000001 0.0006041814852554044 0.017380757826622583 32.981785274392486 0.9952505168984872 0.00030131074930576555 3.0131651555315143e-05
87.9 0.0005981691387028715 0.0172940616788375 32.98351468056037 0.995302703048151 0.0002983126004526577 2.983182525128064e-05
88.0 0.0005922166286787863 0.017207798067718983 32.98523546036714 0.9953546288907915 0.00029534428480434743 2.9534982493817035e-05
88.10000000000001 0.0005863233595486086 0.017121964833929085 32.98694765685053 0.9954062957251048 0.0002924055054925689 2.924109359168391e-05
88.2 0.0005804887416094353 0.017036559828930185 32.988651312833426 0.995457704843304 0.00028949596860413794 2.8950129149161945e-05
88.30000000000001 0.0005747121910308792 0.016951580914930608 32.99034647092491 0.9955088575311509 0.00028661538315110486 2.866206006311053e-05
88.4 0.0005689931297965446 0.016867025964830678 32.9920331735214 0.9955597550679895 0.00028376346104046245 2.8376857520055094e-05
88.5 0.0005633309856460774 0.016782892862168865 32.99371146280762 0.9956103987267763 0.00028093991704685134 2.8094492993302952e-05
88.60000000000001 0.0005577251920177971 0.016699179501068265 32.99538138075772 0.9956607897741132 0.00027814446878304496 2.781493824008804e-05
88.7 0.0005521751879919133 0.01661588378618353 32.99704296913634 0.9957109294702798 0.00027537683667198747 2.753816529874473e-05
88.80000000000001 0.0005466804182342876 0.016533003632647755 32.99869626949961 0.9957608190692645 0.0002726367439193879 2.7264146485908627e-05
88.9 0.0005412403329407734 0.016450536966019884 33.00034132319621 0.9958104598187947 0.0002699239164844253 2.699285439374621e-05
89.0 0.0005358543877821053 0.016368481722232292 33.001978171368435 0.9958598529603708 0.0002672380830547841 2.672426188721164e-05
89.10000000000001 0.000530522043849338 0.01628683584753862 33.00360685495319 0.9959089997292951 0.00026457897501658246 2.6458342101331e-05
89.2 0.0005252427675998357 0.01620559729846197 33.005227414683034 0.9959579013547036 0.00026194632643062747 2.6195068438513743e-05
89.30000000000001 0.0005200160308037849 0.016124764041743136 33.00683989108721 0.9960065590595971 0.00025933987400300916 2.5934414565890246e-05
89.4 0.0005148413104912662 0.01604433405428948 33.008444324492636 0.9960549740608712 0.0002567593570604674 2.5676354412677106e-05
89.5 0.0005097180888998283 0.01596430532312365 33.01004075502495 0.9961031475693475 0.0002542045175236495 2.5420862167567378e-05
89.60000000000001 0.0005046458534226026 0.015884675845332864 33.01162922260948 0.9961510807898031 0.00025167509988203253 2.516791227614766e-05
89.7 0.0004996240965569281 0.015805443628018293 33.01320976697229 0.9961987749210025 0.00024917085116706945 2.4917479438340576e-05
89.80000000000001 0.0004946523158534903 0.01572660668824477 33.01478242764111 0.996246231155725 0.0002466915209277769 2.4669538605872786e-05
89.9 0.0004897300138659729 0.015648163052990802 33.01634724394641 0.9962934506807977 0.0002442368612058792 2.4424064979768398e-05
90.0 0.0004848566981011971 0.015570110759098619 33.01790425502232 0.9963404346771224 0.00024180662651028566 2.418103400786676e-05
90.10000000000001 0.00048003188096977696 0.01549244785322476 33.01945349980764 0.9963871843197073 0.00023940057379312198 2.394042138236579e-05
90.2 0.00047525507973725744 0.015415172391790782 33.02099501704682 0.9964337007776959 0.00023701846242476235 2.3702203037389308e-05
90.30000000000001 0.00047052581647573664 0.015338282440934133 33.022528845290914 0.9964799852143953 0.00023466005417063746 2.3466355146578445e-05
90.4 0.00046584361801597885 0.01526177607645943 33.02405502289856 0.9965260387873068 0.00023232511316682104 2.3232854120707453e-05
90.5 0.00046120801589999986 0.015185651383789894 33.025573588036934 0.9965718626481542 0.00023001340589639377 2.300167660532301e-05
90.60000000000001 0.00045661854633412827 0.015109906457919061 33.027084578682725 0.9966174579429129 0.00022772470116647233 2.2772799478407072e-05
90.7 0.00045207475014253273 0.015034539403362723 33.02858803262306 0.9966628258118383 0.0002254587700843508 2.2546199848063043e-05
90.80000000000001 0.0004475761727212137 0.014959548334111122 33.03008398745647 0.9967079673894945 0.0002232153860359728 2.2321855050224948e-05
90.9 0.00044312236399245765 0.014884931373581432 33.03157248059383 0.9967528838047836 0.00022099432466162806 2.2099742646389554e-05
91.0 0.0004387128783597379 0.014810686654570374 33.033053549259286 0.9967975761809722 0.00021879536383442456 2.187984042137079e-05
91.10000000000001 0.00043434727466306976 0.014736812319207124 33.03452723049121 0.9968420456357215 0.00021661828363809377 2.1662126381076682e-05
91.2 0.00043002511613481737 0.014663306518906596 33.035993561143094 0.9968862932811141 0.0002144628663447962 2.1446578750308777e-05
91.30000000000001 0.00042574597035592755 0.014590167414322694 33.03745257788453 0.9969303202236824 0.00021232889639314864 2.1233175970582783e-05
91.4 0.00042150940921261164 0.014517393175302025 33.03890431720206 0.9969741275644359 0.0002102161603672503 2.1021896697971474e-05
91.5 0.00041731500885345483 0.014444981980837754 33.040348815400144 0.9970177163988893 0.0002081244469745987 2.0812719800968856e-05
91.60000000000001 0.00041316234964695273 0.014372932019023689 33.04178610860205 0.9970610878170896 0.0002060535470254487 2.0605624358375598e-05
91.7 0.0004090510161394767 0.014301241487008684 33.043216232750744 0.9971042429036435 0.00020400325341172684 2.0400589657205748e-05
91.80000000000001 0.0004049805970136462 0.01422990859095107 33.04463922360984 0.9971471827377452 0.00020197336108639032 2.019759519061369e-05
91.9 0.0004009506850471347 0.014158931545973636 33.04605511676444 0.9971899083932022 0.00019996366704267405 1.9996620655842695e-05
92.0 0.0003969608770718683 0.014088308576118503 33.04746394762205 0.9972324209384629 0.00019797397029433728 1.979764595219296e-05
92.10000000000001 0.00039301077393364266 0.014018037914302462 33.04886575141348 0.9972747214366441 0.00019600407185491048 1.960065117901046e-05
92.2 0.0003890999804521387 0.013948117802272439 33.05026056319371 0.9973168109455564 0.00019405377471794157 1.9405616633695638e-05
92.30000000000001 0.0003852281053813366 0.01387854649056119 33.05164841784276 0.9973586905177311 0.00019212288383768574 1.9212522809731906e-05
92.4 0.00038139476137032905 0.013809322238443295 33.05302935006661 0.9974003612004473 0.0001902112061093515 1.902135039473399e-05
92.5 0.0003775995649245147 0.0137404433138912 33.054403394398 0.9974418240357572 0.00018831855034923497 1.8832080268515185e-05
92.60000000000001 0.0003738421363671921 0.013671907993531702 33.05577058519735 0.9974830800605125 0.00018644472727718598 1.8644693501174523e-05
92.7 0.0003701220998015289 0.01360371456260254 33.05713095665361 0.9975241303063906 0.00018458954949540998 1.845917135120264e-05
92.80000000000001 0.00036643908307290867 0.01353586131490916 33.058484542785095 0.9975649757999204 0.00018275283147171098 1.8275495263606375e-05
92.9 0.00036279271773165825 0.01346834655278179 33.059831377440375 0.9976056175625083 0.00018093438951984737 1.8093646868052315e-05
93.0 0.00035918263899614397 0.013401168587032698 33.06117149429908 0.9976460566104627 0.00017913404178155332 1.7913607977028723e-05
93.10000000000001 0.00035560848571623653 0.01333432573691367 33.06250492687277 0.9976862939550203 0.00017735160820800486 1.7735360584025724e-05
93.2 0.00035206990033713947 0.013267816330073677 33.06383170850578 0.9977263306023721 0.00017558691054250666 1.7558886861733676e-05
93.30000000000001 0.0003485665288635785 0.013201638702516791 33.065151872376035 0.9977661675536873 0.0001738397723017362 1.7384169160259417e-05
93.4 0.0003450980208243507 0.013135791198560343 33.066465451495894 0.9978058058051388 0.00017211001875909628 1.7211190005360433e-05
93.5 0.00034166402923722135 0.01307027217079318 33.067772478712975 0.9978452463479287 0.00017039747692606982 1.7039932096696326e-05
93.60000000000001 0.0003382642105741735 0.013005079980034216 33.06907298671097 0.9978844901683122 0.00016870197553612757 1.687037830609784e-05
93.7 0.00033489822472700993 0.012940212995291266 33.07036700801051 0.997923538247624 0.00016702334502630438 1.6702511675853404e-05
93.80000000000001 0.00033156573497328625 0.012875669593719899 33.07165457496988 0.9979623915623004 0.00016536141752199497 1.653631541701216e-05
93.9 0.00032826640794259357 0.012811448160582658 33.07293571978593 0.9980010510839058 0.000163716026818086 1.6371772907704343e-05
94.0 0.00032499991358317273 0.012747547089208432 33.074210474494855 0.9980395177791566 0.0001620870083641955 1.6208867691478223e-05
94.10000000000001 0.0003217659251288616 0.012683964780952003 33.075478870972944 0.9980777926099441 0.000160474199246693 1.6047583475653583e-05
94.2 0.00031856411906637565 0.012620699645153902 33.07674094093746 0.9981158765333612 0.0001588774381736057 1.5887904129691757e-05
94.30000000000001 0.00031539417510290536 0.012557750099100264 33.07799671594737 0.9981537705017235 0.0001572965654576374 1.572981368358148e-05
94.4 0.0003122557761340511 0.012495114567983183 33.07924622740417 0.9981914754625952 0.00015573142300063071 1.557329632624148e-05
94.5 0.00030914860821206223 0.012432791484860957 33.08048950655265 0.9982289923588118 0.00015418185427802878 1.541833640393828e-05
94.60000000000001 0.0003060723605144041 0.012370779290618762 33.081726584481714 0.9982663221285043 0.00015264770432211601 1.5264918418720234e-05
94.7 0.0003030267253126327 0.012309076433929408 33.08295749212511 0.9983034657051225 0.00015112881970803422 1.5113027026866906e-05
94.80000000000001 0.000300011397941581 0.012247681371214328 33.08418226026223 0.9983404240174579 0.00014962504853691187 1.4962647037353987e-05
94.9 0.00029702607676885515 0.012186592566604808 33.08540091951889 0.9983771979896678 0.00014813624042199112 1.4813763410333587e-05
95.0 0.0002940704631646267 0.012125808491903266 33.08661350036808 0.998413788541298 0.0001466622464725341 1.4666361255629294e-05
95.10000000000001 0.0002911442614717363 0.012065327626544924 33.08782003313074 0.9984501965873058 0.00014520291928006064 1.4520425831246695e-05
95.2 0.0002882471789760894 0.012005148457559562 33.089020547976496 0.9984864230380829 0.0001437581129020325 1.4375942541898485e-05
95.30000000000001 0.00028537892587734585 0.011945269479533433 33.09021507492445 0.9985224687994786 0.00014232768284886798 1.4232896937544133e-05
95.4 0.00028253921525990544 0.011885689194571458 33.091403643843904 0.9985583347728215 0.00014091148606873625 1.4091274711944356e-05
95.5 0.0002797277630641807 0.011826406112259564 33.09258628445513 0.9985940218549438 0.0001395093809327954 1.3951061701229804e-05
95.60000000000001 0.000276944288058156 0.01176741874962721 33.093763026330095 0.9986295309382021 0.00013812122722231798 1.3812243882484069e-05
95.7 0.00027418851180923066 0.01170872563111013 33.09493389889321 0.9986648629105004 0.0001367468861129299 1.3674807372340785e-05
95.80000000000001 0.00027146015865634154 0.011650325288513225 33.096098931422056 0.998700018655312 0.00013538622016251282 1.3538738425594652e-05
95.9 0.00026875895568236616 0.0115922162609737 33.09725815304815 0.9987349990517027 0.00013403909329622 1.3404023433826439e-05
96.0 0.00026608463268679616 0.011534397094924298 33.09841159275765 0.9987698049743517 0.00013270537079315746 1.3270648924041404e-05
96.10000000000001 0.000263436922158688 0.011476866344056813 33.099559279392054 0.9988044372935736 0.00013138491927328693 1.313860155732156e-05
96.2 0.0002608155592498799 0.011419622569285727 33.100701241648984 0.9988388968753407 0.00013007760668377384 1.3007868127491151e-05
96.30000000000001 0.0002582202817484772 0.011362664338712051 33.10183750808286 0.9988731845813045 0.00012878330228600112 1.2878435559795531e-05
96.4 0.00025565083005260326 0.011305990227587394 33.10296810710562 0.9989073012688168 0.000127501876641473 1.2750290909593223e-05
96.5 0.0002531069471444061 0.011249598818278056 33.10409306698744 0.998941247790952 0.00012623320160071603 1.2623421361060734e-05
96.60000000000001 0.00025058837856433195 0.011193488700229522 33.105212415857466 0.9989750249965281 0.00012497715028896066 1.2497814225910645e-05
96.7 0.000248094872385651 0.011137658469930988 33.10632618170446 0.9990086337301277 0.00012373359709393203 1.2373456942122273e-05
96.80000000000001 0.0002456261791892355 0.011082106730880087 33.10743439237755 0.9990420748321193 0.00012250241765352957 1.225033707268486e-05
96.9 0.00024318205203859237 0.011026832093547819 33.1085370755869 0.9990753491386782 0.00012128348884295183 1.2128442304353468e-05
97.0 0.00024076224645514318 0.010971833175343653 33.109634258904435 0.9991084574818083 0.00012007668876248687 1.2007760446417186e-05
97.10000000000001 0.00023836652039375053 0.0109171086005808 33.110725969764495 0.9991414006893619 0.000118881896725636 1.1888279429479579e-05
97.2 0.000235994634218488 0.010862657000441651 33.11181223546454 0.9991741795850603 0.00011769899324712627 1.1769987304251282e-05
97.30000000000001 0.00023364635067865184 0.010808477012943402 33.11289308316583 0.9992067949885155 0.00011652786002959076 1.165287224035463e-05
97.4 0.00023132143488501297 0.010754567282903877 33.113968539894124 0.9992392477152503 0.00011536837995402351 1.1536922525140249e-05
97.5 0.00022901965428630237 0.010700926461907454 33.11503863254031 0.9992715385767179 0.00011422043706623752 1.1422126562515273e-05
97.60000000000001 0.00022674077864593233 0.010647553208271193 33.11610338786114 0.9993036683803233 0.00011308391656598733 1.1308472871783279e-05
97.7 0.00022448458001895339 0.010594446187011225 33.117162832479835 0.9993356379294429 0.0001119587047952034 1.1195950086496005e-05
97.80000000000001 0.00022225083272923353 0.010541604069809146 33.11821699288682 0.9993674480234455 0.00011084468922700343 1.1084546953316085e-05
97.9 0.00022003931334687072 0.010489025534978708 33.119265895440314 0.99939909945771 0.00010974175845425966 1.0974252330891433e-05
98.0 0.00021784980066582782 0.010436709267432618 33.12030956636706 0.9994305930236488 0.00010864980217838819 1.0865055188740695e-05
98.10000000000001 0.0002156820756817906 0.010384653958649527 33.12134803176292 0.999461929508724 0.00010756871119802714 1.0756944606149797e-05
98.2 0.0002135359215702486 0.010332858306641213 33.122381317593586 0.9994931096964706 0.00010649837739904708 1.0649909771079597e-05
98.30000000000001 0.00021141112366478818 0.010281321015919798 33.123409449695174 0.999524134366513 0.00010543869374245196 1.0543939979084122e-05
98.4 0.00020930746943561117 0.010230040797465355 33.12443245377492 0.9995550042945865 0.00010438955425505554 1.0439024632240013e-05
98.5 0.00020722474846825853 0.010179016368693453 33.12545035541179 0.9995857202525561 0.00010335085401793744 1.033515323808617e-05
98.60000000000001 0.00020516275244255138 0.010128246453423006 33.12646318005713 0.9996162830084352 0.00010232248915534312 1.0232315408574273e-05
98.7 0.00020312127511174034 0.01007772978184423 33.12747095303532 0.9996466933264067 0.00010130435682669234 1.0130500859029614e-05
98.80000000000001 0.00020110011228186158 0.010027465090486767 33.128473699544365 0.9996769519668394 0.00010029635521381395 1.0029699407122273e-05
98.9 0.00019909906179130162 0.009977451122188011 33.12947144465659 0.9997070596863097 9.929838351162198e-05 9.929900971848657e-06
99.0 0.00019711792349055995 0.00992768662606148 33.13046421331919 0.9997370172376187 9.831034191834777e-05 9.831095572522906e-06
99.10000000000001 0.00019515649922221992 0.009878170357465493 33.13145203035494 0.999766825369812 9.733213162543902e-05 9.733273327778664e-06
99.2 0.00019321459280111558 0.00982890107797193 33.132434920462735 0.9997964848281977 9.636365480723662e-05 9.636424454580625e-06
99.30000000000001 0.00019129200999469493 0.00977987755533511 33.13341290821827 0.9998259963543664 9.540481461165081e-05 9.540539267245833e-06
99.4 0.00018938855850358184 0.009731098563460907 33.134386018074615 0.9998553606862081 9.44555151506151e-05 9.445608176474905e-06
99.5 0.0001875040479423296 0.009682562882375968 33.13535427436286 0.9998845785579318 9.351566148976307e-05 9.351621688392778e-06
99.60000000000001 0.00018563828982036713 0.009634269298197117 33.136317701292676 0.9999136507000829 9.258515963954844e-05 9.258570403599057e-06
99.7 0.00018379109752313395 0.00958621660310088 33.13727632295299 0.9999425778395631 9.166391654603204e-05 9.166445016227776e-06
99.80000000000001 0.00018196228629340397 0.009538403595293187 33.13823016331252 0.9999713606996466 9.075184008044744e-05 9.07523631301654e-06
99.9 0.00018015167321279606 0.009490829078979246 33.139179246220415 1.0 8.984883903132005e-05 8.984935172384996e-06
