0.0 1.6695731093588577 0.9136665445770842 0.09136665445770842 0.003844414909071432 2.459349299229673 0.27411723419507117
0.1 1.6624723433188868 0.9117215428295217 0.18253880874066059 0.007680645876462083 2.4320906572109426 0.27106116780437495
0.2 1.6553612642120281 0.9097695489001674 0.2735157636306773 0.011508663481320236 2.4051359590186125 0.26803830102640913
0.30000000000000004 1.6482402058717671 0.907810609618484 0.36429682459252577 0.01532843849983749 2.3784819016301784 0.26504829561902654
0.4 1.6411095040684842 0.9058447725930984 0.4548813018518356 0.019139941908527226 2.352125215687898 0.26209081652405225
0.5 1.6339694964481957 0.9038720862069466 0.5452685104725302 0.02294314488748266 2.326062665181907 0.2591655318370316
0.6000000000000001 1.6268205224705257 0.9018925996122059 0.6354577704337508 0.026738018823613558 2.3002910471363522 0.2562721127773275
0.7000000000000001 1.619662923345933 0.8999063627250151 0.7254484067062523 0.030524535313860738 2.274807191298483 0.2534102336585623
0.8 1.6124970419722215 0.897913426219984 0.8152397493282507 0.03430266616838748 2.249607959830693 0.2505795718594003
0.9 1.6053232228703493 0.8959138415244932 0.9048311334807 0.03807238341374694 2.2246902470054635 0.24777980779466632
1.0 1.5981418121195727 0.8939076608127857 0.9942218995619787 0.04183365929602471 2.200050978903174 0.24501062488679815
1.1 1.590953157291939 0.8918949369998518 1.083411393261964 0.0455864662839556 2.17568711311276 0.24227170953762633
1.2000000000000002 1.5837576073861637 0.8898757237351078 1.1723989656354747 0.049330777072013964 2.151595638435164 0.23956275110048003
1.3 1.5765555127609119 0.8878500753958722 1.261183973175062 0.053066564583476375 2.1277735745895736 0.23688344185261268
1.4000000000000001 1.569347225067513 0.8858180470806386 1.3497657778831258 0.05679380197345616 2.10421797192239 0.23423347696794583
1.5 1.5621330971821341 0.8837796946021486 1.4381437473433407 0.06051246263190873 2.0809259111189147 0.23161255449012505
1.6 1.5549134831374425 0.8817350744802666 1.5263172547913673 0.06422252018660685 2.0578945029177085 0.2290203753058854
1.7000000000000002 1.547688738053784 0.8796842439346586 1.6142856791848332 0.0679239485060853 2.0351208878276026 0.22645664311872313
1.8 1.5404592180699006 0.877627260877276 1.7020484052725608 0.07161672170255366 2.012602235847326 0.22392106442286747
1.9000000000000001 1.5332252802732231 0.8755641839046476 1.7896048236630255 0.07530081413477689 1.9903357461877218 0.22141334847755142
2.0 1.5259872826297636 0.8734950722899825 1.8769543308920238 0.07897620041092256 1.96831864699652 0.21893320728157595
2.1 1.5187455839136377 0.8714199859750859 1.9640963294895322 0.08264285539137399 1.9465481950856427 0.21648035554816422
2.2 1.5115005436362432 0.8693389855620888 2.051030228045741 0.0863007541915089 1.9250216756610037 0.214054510680103
2.3000000000000003 1.50425252197513 0.8672521323049975 2.1377554412762407 0.08994987218444209 1.903736402054785 0.21165539274516548
2.4000000000000004 1.4970018797025881 0.8651594881010634 2.224271390086347 0.09359018500373206 1.8826897154601583 0.2092827244518145
2.5 1.4897489781139788 0.8630611154819741 2.3105775016345445 0.09722166854605059 1.8618789846684132 0.20693623112517973
2.6 1.4824941789558528 0.8609570776048748 2.3966732093950323 0.1008442989738144 1.8413016058084852 0.2046156406833071
2.7 1.4752378443538687 0.8588474382432157 2.482557953219354 0.10445805271777833 1.820955002088839 0.20232068361367603
2.8000000000000003 1.467980336740556 0.8567322617774341 2.568231179397097 0.10806290647958944 1.8008366235416893 0.20005109294998075
2.9000000000000004 1.4607220187829444 0.8546116131854704 2.653692340715644 0.11165883723430102 1.7809439467695252 0.19780660424917235
3.0 1.4534632533100968 0.852485558033125 2.7389408965189563 0.11524582223284621 1.7612744746939286 0.19558695556875766
3.1 1.4462044032405699 0.8503541624642552 2.823976312765382 0.11882383900447019 1.7418257363066356 0.1933918874443518
3.2 1.438945831509839 0.8482174931908204 2.9087980620844642 0.12239286535912061 1.7225952864228447 0.1912211428674807
3.3000000000000003 1.431687900997716 0.8460756174827744 2.9934056238327416 0.1259528793897954 1.703580705436719 0.18907446726362956
3.4000000000000004 1.4244309744557888 0.8439286031578113 3.0777984841485226 0.12950385947484766 1.6847795990790826 0.18695160847053427
3.5 1.4171754144349187 0.841776518570968 3.1619761360056193 0.13304578428024633 1.6661895981772692 0.18485231671671282
3.6 1.4099215832128178 0.8396194326040869 3.2459380792660277 0.1365786327617931 1.647808358417105 0.18277634460023146
3.7 1.4026698427217485 0.8374574146551419 3.329683820731542 0.140102384167294 1.6296335601070107 0.18072344706770446
3.8000000000000003 1.3954205544763645 0.8352905346274326 3.413212874194285 0.1436170180386856 1.6116629079441829 0.17869338139352217
3.9000000000000004 1.3881740795017334 0.8331188629186514 3.4965247604861505 0.14712251421411537 1.5938941307828483 0.17668590715930518
4.0 1.3809307782615619 0.8309424704098238 3.579619007527133 0.1506188528299753 1.5763249814045577 0.17470078623358076
4.1000000000000005 1.3736910105866635 0.828761428454131 3.662495150372546 0.15410601432288865 1.5589532362905012 0.17273778275167775
4.2 1.3664551356036918 0.8265758088656151 3.745152731259107 0.157583979431649 1.5417766953958276 0.1707966630958385
4.3 1.359223511664171 0.8243856839077723 3.827591299649884 0.16105272919911157 1.524793181925935 0.16887719587554145
4.4 1.3519964962738558 0.822191126282039 3.9098104122780875 0.16451224497403574 1.5080005421147251 0.16697915190803478
4.5 1.3447744460224467 0.8199922091161741 3.991809633189705 0.16796250841287907 1.4913966450047873 0.16510230419907448
4.6000000000000005 1.3375577165136923 0.8177890059525416 4.073588533784959 0.17140350148154168 1.4749793822295076 0.16324642792386607
4.7 1.330346662295905 0.8155815907362993 4.155146692858589 0.17483520645706113 1.4587466677970646 0.1614113004082064
4.800000000000001 1.3231416367929234 0.8133700378034967 4.236483696638938 0.1782576059292571 1.442696437876306 0.15959670110982072
4.9 1.3159429922355421 0.8111544218690859 4.317599138825847 0.1816706828023259 1.4268266505844798 0.1578024115998946
5.0 1.3087510795934467 0.808934818014853 4.398492620627333 0.18507442029638374 1.4111352857768071 0.1560282155447954
5.1000000000000005 1.3015662485076689 0.8067113016772695 4.479163750795059 0.18846880194895924 1.395620344837866 0.15427389868798153
5.2 1.2943888472236065 0.8044839486352746 4.559612145658586 0.19185381161643444 1.3802798504747815 0.1525392488320962
5.300000000000001 1.2872192225246122 0.8022528349979862 4.639837429158385 0.19522943347543412 1.365111846512194 0.15082405582124214
5.4 1.2800577196662022 0.8000180371923505 4.719839232877621 0.19859565202416293 1.3501143976889938 0.14912811152343597
5.5 1.2729046823108894 0.7977796319507315 4.799617196072694 0.20195245208369073 1.335285589456797 0.14745120981323673
5.6000000000000005 1.2657604524636823 0.7955376962984476 4.879170965702539 0.2052998187991851 1.3206235277801546 0.14579314655454884
5.7 1.2586253704082626 0.7932923075412563 4.958500196456664 0.20863773764109142 1.306126338938469 0.14415371958359394
5.800000000000001 1.251499774643878 0.7910435432527966 5.037604550781944 0.21196619440625994 1.2917921693296095 0.14253272869205041
5.9 1.2443840018229622 0.788791481261988 5.116483698908143 0.21528517521902 1.2776191852751997 0.14092997561035756
6.0 1.2372783866895138 0.786536199640396 5.195137318872182 0.21859466653220094 1.2636055728275717 0.13934526399118133
6.1000000000000005 1.2301832620182562 0.7842777766895656 5.273565096541138 0.22189465512809986 1.2497495375783618 0.13777839939303932
6.2 1.2230989585545975 0.7820162909283276 5.351766725633971 0.22518512811939584 1.2360493044687393 0.13622918926408234
6.300000000000001 1.2160258049554136 0.7797518210800837 5.429741907741979 0.22846607295001062 1.222503117601246 0.13469744292602967
6.4 1.2089641277306815 0.7774844460600744 5.507490352347986 0.231737477395916 1.2091092400532373 0.133182971558256
6.5 1.2019142511859708 0.7752142449626331 5.58501177684425 0.2349993295658873 1.1958659536919058 0.13168558818202708
6.6000000000000005 1.1948764973658317 0.7729412970484343 5.6623059065490935 0.2382516179022031 1.1827715589908747 0.13020510764488175
6.7 1.1878511859980785 0.7706656817317346 5.739372474722266 0.24149433118129174 1.1698243748483437 0.12874134660515782
6.800000000000001 1.1808386344390056 0.7683874785676188 5.816211222579028 0.24472745851432381 1.1570227384067802 0.1272941235166596
6.9 1.1738391576195455 0.766106767239249 5.8928218993029535 0.247950989347751 1.1443650048741296 0.12586325861346476
7.0 1.1668530679923832 0.7638236275451236 5.969204262057466 0.25116491346379133 1.1318495473465449 0.12444857389486752
7.1000000000000005 1.1598806754800555 0.7615381393863525 6.045358075996101 0.25436922098086096 1.1194747566326115 0.12304989311045705
7.2 1.1529222874240408 0.7592503827539505 6.121283114271495 0.25756390235395266 1.1072390410790565 0.12166704174532776
7.300000000000001 1.14597820853486 0.7569604377161531 6.196979158043111 0.2607489483749605 1.0951408263979345 0.1202998470054196
7.4 1.1390487408432035 0.7546683844057612 6.272445996483687 0.26392435017295157 1.0831785554952698 0.11894813780298684
7.5 1.132134183652098 0.7523743030075183 6.347683426784439 0.2670900992143846 1.0713506883011465 0.11761174474219227
7.6000000000000005 1.1252348334901274 0.7500782737455229 6.422691254158991 0.2702461873032755 1.0596557016012322 0.11629050010482492
7.7 1.1183509840657204 0.7477803768706827 6.497469291846059 0.2733926065813102 1.048092088869725 0.11498423783614008
7.800000000000001 1.1114829262225172 0.7454806926482125 6.5720173611108805 0.27652934952790487 1.036658360103709 0.11369279353081829
7.9 1.1046309478958274 0.7431793013451826 6.646335291245399 0.2796564089602136 1.0253530416589118 0.11241600441904265
8.0 1.0977953340701907 0.7408762832181196 6.72042291956721 0.2827737780330842 1.0141746760868402 0.11115370935269134
8.1 1.0909763667380497 0.7385717185006645 6.794280091417277 0.28588145023896183 1.0031218219733014 0.10990574879164437
8.200000000000001 1.0841743248595437 0.7362656873912921 6.8679066601564065 0.288979419407741 0.9921930537782807 0.1086719647902022
8.3 1.077389484323437 0.733958270041096 6.941302487160517 0.29206767970656633 0.9813869616771744 0.10745220098361465
8.4 1.0706221179091824 0.7316495465416426 7.014467441814681 0.29514622563958176 0.970702151403362 0.10624630257471787
8.5 1.0638724952501342 0.729339596912897 7.0874014015059705 0.2982150520476297 0.9601372440921143 0.10505411632067867
8.6 1.0571408827979167 0.7270285010912284 7.160104251615093 0.3012741541078991 0.9496908761258176 0.10387549051984316
8.700000000000001 1.0504275437879476 0.7247163389174924 7.232575885506842 0.3043235273335234 0.9393616989805067 0.10271027499868898
8.8 1.043732738206134 0.7224031901252008 7.304816204519362 0.3073631675731292 0.9291483790737041 0.10155832109887936
8.9 1.0370567227567322 0.7200891343287761 7.37682511795224 0.31039307101033486 0.9190495976135411 0.10041948166441715
9.0 1.030399750831387 0.7177742510118996 7.44860254305343 0.31341323416320044 0.9090640504491636 0.09929361102889718
9.1 1.0237620724793473 0.7154586195159532 7.520148405005026 0.31642365388362914 0.899190447922406 0.0981805650028563
9.200000000000001 1.0171439343788613 0.7131423190285587 7.591462636907882 0.31942432735672016 0.8894275147207256 0.09708020086121827
9.3 1.0105455798097587 0.7108254285722194 7.662545179765104 0.32241525210007393 0.8797739897313867 0.0959923773308332
9.4 1.0039672486272118 0.7085080269930651 7.73339598246441 0.32539642596305 0.8702286258968892 0.09491695457810992
9.5 0.9974091772366868 0.7061901929497063 7.804015001759381 0.3283678471259783 0.860790190071625 0.09385379419673914
9.600000000000001 0.9908715985700786 0.7038720049021976 7.8744022022496 0.33132951409932304 0.8514574628797622 0.09280275919550722
9.700000000000001 0.9843547420630296 0.7015535411011157 7.944557556359712 0.33428142572280206 0.8422292385743384 0.09176371398619827
9.8 0.9778588336334346 0.6992348795767538 8.014481044317387 0.33722358116445933 0.833104324897565 0.0907365243715843
9.9 0.9713840956611255 0.6969160981284352 8.084172654130231 0.34015597991969343 0.8240815429423232 0.0897210575335009
10.0 0.964930746968737 0.6945972743139499 8.153632381561627 0.34307862181024107 0.8151597270148514 0.08871718202100858
10.100000000000001 0.9584990028037487 0.6922784854391145 8.222860230105537 0.34599150698311715 0.8063377244986103 0.08772476773863797
10.200000000000001 0.952089074821701 0.6899598085474621 8.291856210960283 0.34889463590951086 0.797614395719322 0.0867436859347176
10.3 0.9457011710705777 0.6876413204100585 8.360620343001289 0.35178800938363936 0.7889886138111685 0.08577380918978364
10.4 0.9393354959763548 0.6853230975154547 8.429152652752833 0.35467162852155903 0.7804592645841463 0.08481501140506995
10.5 0.9329922503297079 0.6830052160597706 8.49745317435881 0.35754549475993497 0.7720252463925723 0.08386716779107833
10.600000000000001 0.9266716312738718 0.6806877519369184 8.565521949552503 0.36040960985476966 0.7636854700047221 0.08293015485622698
10.700000000000001 0.9203738322936466 0.6783707807289634 8.6333590276254 0.3632639758800902 0.7554388584736039 0.08200385039557667
10.8 0.9140990432055428 0.6760543776966254 8.700964465395062 0.36610859522659694 0.7472843470088547 0.08108813347963392
10.9 0.9078474501490598 0.6737386177699256 8.768338327172055 0.36894347060027144 0.7392208828497517 0.08018288444322974
11.0 0.9016192355790867 0.6714235755389762 8.835480684725953 0.37176860502094666 0.7312474251393342 0.07928798487447353
11.100000000000001 0.8954145782594181 0.6691093252449177 8.902391617250444 0.37458400182083823 0.7233629447996234 0.07840331760378108
11.200000000000001 0.8892336532573785 0.6667959407710047 8.969071211327545 0.37738966464303875 0.7155664244079377 0.07752876669297584
11.3 0.8830766319395406 0.6644834956338421 9.035519560890931 0.38018559743997526 0.7078568580742959 0.07666421742446279
11.4 0.8769436819685322 0.6621720629747725 9.101736767188408 0.38297180447182966 0.7002332513198936 0.07580955629047405
11.5 0.8708349673009183 0.6598617155514169 9.16772293874355 0.38574829030492486 0.692694620956658 0.07496467098238545
11.600000000000001 0.864750648186149 0.6575525257293705 9.233478191316486 0.3885150598100748 0.6852399949678651 0.07412945038010352
11.700000000000001 0.8586908811665618 0.6552445654740533 9.299002647863892 0.3912721181609007 0.6778684123898115 0.0733037845415222
11.8 0.8526558190784264 0.6529379063427189 9.364296438498164 0.3940194708321137 0.6705789231945427 0.0724875646920484
11.9 0.8466456110540186 0.6506326194766209 9.429359700445826 0.39675712359776455 0.6633705881736218 0.07168068321419589
12.0 0.8406604025247129 0.6483287755933377 9.49419257800516 0.39948508252946074 0.6562424788229362 0.07088303363724718
12.100000000000001 0.834700335225081 0.6460264449792598 9.558795222503084 0.40220335399455226 0.6491936772285343 0.07009451062698233
12.200000000000001 0.8287655471979792 0.6437256974822347 9.623167792251309 0.4049119446542865 0.6422232759534879 0.06931500997547432
12.3 0.8228561728006171 0.6414266025043773 9.687310452501748 0.4076108614619325 0.635330377925769 0.06854442859095085
12.4 0.8169723427115869 0.6391292289950393 9.751223375401253 0.41030011166087593 0.6285140963271392 0.0677826644877212
12.5 0.8111141839388479 0.6368336454439448 9.814906739945647 0.41297970278268525 0.6217735544830425 0.06702961677616859
12.600000000000001 0.8052818198286407 0.634539919874487 9.878360731933094 0.41564964264514964 0.6151078857534946 0.06628518565280654
12.700000000000001 0.7994753700753258 0.6322481198371909 9.941585543916814 0.418309939350289 0.6085162334249674 0.06554927239040016
12.8 0.7936949507321266 0.6299583124033393 10.004581375157148 0.42096060128233764 0.6019977506032503 0.06482177932815011
12.9 0.7879406742227637 0.6276705641587647 10.067348431573024 0.42360163710570153 0.5955516001072994 0.06410260986194073
13.0 0.7822126493539612 0.6253849411978039 10.129886925692805 0.42623305576289067 0.5891769543640509 0.06339166843465033
13.100000000000001 0.7765109813288166 0.6231015091174217 10.192197076604547 0.4288548664724255 0.5828729953042056 0.06268886052652435
13.200000000000001 0.7708357717610091 0.6208203330114959 10.254279109905696 0.43146707872672097 0.5766389142589704 0.06199409264561048
13.3 0.7651871186898369 0.6185414774652694 10.316133257652224 0.4340697022899459 0.5704739118577529 0.061307272318255446
13.4 0.7595651165960642 0.616265006549968 10.37775975830722 0.43666274719585996 0.5643771979268046 0.06062830807966317
13.5 0.753969856418563 0.6139909838175813 10.439158856688978 0.4392462237456293 0.5583479913888055 0.05995710946451431
13.600000000000001 0.7484014255717302 0.6117194722958107 10.50033080391856 0.44182014250562057 0.552385520163382 0.05929358699764613
13.700000000000001 0.7428599079636667 0.6094505344831797 10.561275857366878 0.4443845143051738 0.5464890210685553 0.058637652184793276
13.8 0.7373453840150981 0.60718423234431 10.621994280601308 0.44693935023435627 0.5406577397231114 0.05798921750338833
13.9 0.7318579306790223 0.6049206273053608 10.682486343331846 0.449484661641697 0.5348909304498891 0.057348196393422625
14.0 0.7263976214610658 0.6026597802496305 10.742752321356807 0.4520204601319019 0.5291878561799793 0.05671450324836655
14.100000000000001 0.7209645264405317 0.6004017515133228 10.80279249650814 0.4545467575635528 0.5235477883578272 0.05608805340614942
14.200000000000001 0.7155587122921208 0.5981466008814732 10.862607156596287 0.4570635660467873 0.5179700068472368 0.05546876314019838
14.3 0.7101802423083114 0.595894387584038 10.922196595354691 0.4595708979409637 0.5124537998382646 0.05485654965053641
14.4 0.7048291764223756 0.5936451702921433 10.981561112383906 0.46206876585230955 0.506998463755004 0.05425133105493907
14.5 0.6995055712320197 0.5913990071144944 11.040701013095354 0.46455718263155515 0.50160330316425 0.05365302638014975
14.600000000000001 0.6942094800236256 0.5891559555939435 11.099616608654749 0.4670361613715527 0.4962676306850381 0.053061555553153394
14.700000000000001 0.6889409527970821 0.5869160727042164 11.15830821592517 0.46950571540488123 0.4909907668990553 0.05247683939250837
14.8 0.6837000362911825 0.5846794148467955 11.216776157409848 0.4719658583014394 0.4857720402619123 0.05189879959973617
14.9 0.6784867740095732 0.5824460378479595 11.275020761194645 0.47441660386602474 0.4806107870152765 0.051327358750769436
15.0 0.6733012062472384 0.5802159969559778 11.333042360890241 0.4768579661359016 0.47550635109985595 0.050762440287457036
15.100000000000001 0.6681433701174964 0.5779893468384588 11.390841295574088 0.47928995937835833 0.4704580840692291 0.05020396850912716
15.200000000000001 0.6630132995794992 0.5757661415798515 11.448417909732072 0.4817125980882529 0.4654653450045178 0.049651868564207675
15.3 0.6579110254662095 0.5735464346790979 11.505772553199982 0.48412589698555 0.4605275004298921 0.04910606644190359
15.4 0.6528365755128428 0.5713302790474363 11.562905581104726 0.48652987101284745 0.45564392422890854 0.04856648896393173
15.5 0.6477899743857548 0.5691177270063527 11.619817353805361 0.4889245353328952 0.4508139975616675 0.04803306377631242
15.600000000000001 0.6427712437117593 0.5669088302856815 11.67650823683393 0.49130990532610574 0.4460371087827929 0.04750571934121797
15.700000000000001 0.6377804021078552 0.5647036400218505 11.732978600836114 0.49368599658805706 0.4413126533602209 0.04698438492887791
15.8 0.6328174652113507 0.5625022067562716 11.789228821511742 0.4960528249269894 0.43664003379479743 0.046468990609540795
15.9 0.6278824457103629 0.5603045804338757 11.84525927955513 0.4984104063612949 0.43201865954067464 0.04595946724549256
16.0 0.6229753533746799 0.5581108104017874 11.901070360595309 0.5007587571170028 0.42744794692650523 0.04545574648313126
16.1 0.6180961950869659 0.5559209454081425 11.956662455136124 0.5030978936252586 0.4229273190774245 0.044957760745098066
16.2 0.6132449748742937 0.5537350336010418 12.012035958496227 0.5054278325197995 0.41845620583781723 0.04446544322246445
16.3 0.6084216939399876 0.5515531225276435 12.067191270748992 0.5077485906344262 0.41403404369486335 0.0439787278669754
16.400000000000002 0.6036263506957616 0.5493752591333912 12.12212879666233 0.5100601850004703 0.409660275702855 0.04349754938334871
16.5 0.5988589407941368 0.5472014897613752 12.176848945638469 0.5123626328442605 0.4053343514082831 0.04302184322162998
16.6 0.5941194571611171 0.545031860151825 12.23135213165365 0.5146559515845855 0.4010557267756839 0.04255154556960359
16.7 0.5894078900291165 0.5428664154417349 12.285638773197824 0.5169401588301561 0.39682386411424275 0.042086593345259105
16.8 0.5847242269701127 0.540705200164615 12.339709293214286 0.5192152723770656 0.3926382320051468 0.041626924189313436
16.900000000000002 0.5800684529290191 0.5385482582503721 12.393564119039324 0.5214813102062503 0.3884983052296857 0.041172476457788515
17.0 0.5754405502572543 0.5363956330253138 12.447203682341854 0.5237382904809498 0.38440356469808823 0.04072318921464413
17.1 0.570840498746497 0.5342473672122761 12.500628419063082 0.5259862315441675 0.3803534973790952 0.04027900222446619
17.2 0.5662682756626114 0.5321035029308732 12.553838769356169 0.5282251519161325 0.37634759623026004 0.03983985594521024
17.3 0.561723855779726 0.5299640816978666 12.606835177525955 0.5304550702917634 0.37238536012897283 0.03940569152099989
17.400000000000002 0.5572072114144546 0.5278291444276522 12.65961809196872 0.5326760055381331 0.36846629380420026 0.03897645077498041
17.5 0.5527183124602417 0.5256987314328625 12.712187965112008 0.5348879766919373 0.3645899077689399 0.03855207620222708
17.6 0.5482571264218202 0.5235728824250833 12.764545253354516 0.5370910029569651 0.36075571825337793 0.038132510962708324
17.7 0.5438236184497688 0.5214516365156834 12.816690417006084 0.5392851037015738 0.35696324713875116 0.03771769887430371
17.8 0.5394177513751505 0.5193350322167524 12.86862392022776 0.541470298456167 0.35321202189190026 0.037307584405876226
17.900000000000002 0.5350394857442249 0.5172231074421486 12.920346230971973 0.5436466069106778 0.34950157550051897 0.03690211267039936
18.0 0.5306887798532169 0.5151158995086528 12.971857820922839 0.5458140489120564 0.3458314464090806 0.0365012294181382
18.1 0.5263655897831292 0.513013445137225 13.023159165436562 0.5479726444617627 0.3422011784554509 0.0361048810298851
18.2 0.5220698694345881 0.5109157804543661 13.074250743481997 0.5501224137132655 0.3386103208081688 0.0357130145102493
18.3 0.5178015705627074 0.5088229409935775 13.125133037581357 0.5522633769695472 0.33505842790439977 0.035325577481000556
18.400000000000002 0.5135606428119601 0.5067349616969211 13.17580653375105 0.5543955546806147 0.3315450593885494 0.03494251817446676
18.5 0.5093470337510445 0.5046518769166743 13.226271721442718 0.5565189674410189 0.3280697800515353 0.03456378542698532
18.6 0.5051606889077319 0.5025737204170807 13.276529093484426 0.5586336359873793 0.32463215977071214 0.034189328672408134
18.7 0.50100155180369 0.5005005253761928 13.326579146022045 0.560739581195918 0.3212317734504423 0.033819097935660195
18.8 0.4968695639892609 0.4984323243878054 13.376422378460825 0.5628368240800018 0.31786820096330803 0.03345304382635146
18.900000000000002 0.4927646650781923 0.4963691494634776 13.426059293407173 0.564925385787691 0.3145410270919609 0.03309111753244208
19.0 0.4886867927823053 0.4943110320346418 13.475490396610637 0.5670052875993001 0.31124984147160084 0.032733270813960796
19.1 0.4846358829460891 0.4922580029547966 13.524716196906116 0.5690765509249646 0.3079942385330807 0.032379455996776135
19.200000000000003 0.4806118695812137 0.4902100925017832 13.573737206156293 0.5711391973022197 0.3047738174466329 0.032029625966420686
19.3 0.4766146849009511 0.48816733038014287 13.622553939194308 0.5731932483935878 0.3015881820662081 0.03168373416196789
19.400000000000002 0.47264425935448945 0.4861297457235514 13.671166913766664 0.5752387259841761 0.29843694087442607 0.03134173456996142
19.5 0.4687005216611404 0.4840973670973332 13.719576650476396 0.5772756519792859 0.2953197069281295 0.031003581718397073
19.6 0.4647833988444197 0.4820702225010479 13.767783672726502 0.5793040484020314 0.2922360978045375 0.030669230670756626
19.700000000000003 0.46089281626600015 0.4800483393711513 13.815788506663615 0.5813239373909707 0.28918573554799404 0.030338637020094046
19.8 0.4570286976595233 0.47803174458372705 13.863591681121987 0.5833353411977475 0.2861682466173029 0.030011756883173424
19.900000000000002 0.4531909651642633 0.47602046445728746 13.911193727567715 0.585338282184746 0.28318326183364817 0.02968854689465871
20.0 0.4493795393586337 0.47401452475564165 13.958595180043279 0.5873327828227556 0.2802304163290935 0.029368964201355027
20.1 0.44559433929352865 0.47201395069082897 14.005796575112363 0.5893188656886501 0.2773093494956519 0.029052966456501204
20.200000000000003 0.44183528252549403 0.4700187669261165 14.052798451804973 0.5912965534630782 0.27441970493492773 0.028740511814113807
20.3 0.4381022851497141 0.46802899757905714 14.09960135156288 0.5932658689281679 0.271561130408318 0.028431558923381964
20.400000000000002 0.434395261832813 0.4660446662246083 14.14620581818534 0.5952268349652426 0.2687332777877738 0.028126066923113004
20.5 0.43071412584546115 0.46406579589830854 14.192612397775171 0.5971794745525522 0.2659358030071144 0.027823995436228904
20.6 0.4270587890947776 0.4620924090995099 14.238821638685122 0.5991238107630164 0.2631683660138884 0.027525304564313024
20.700000000000003 0.42342916215652615 0.4601245277946646 14.284834091464589 0.6010598667619826 0.2604306307217781 0.027229954882207134
20.8 0.4198251543070947 0.45816217342066484 14.330650308806657 0.6029876658049982 0.2577222649635422 0.02693790743265855
20.900000000000002 0.41624667355525324 0.45620536688823227 14.376270845495482 0.6049072312355956 0.25504294044449105 0.026649123721016917
21.0 0.4126936266736861 0.4542541285853581 14.421696258354016 0.6068185864830936 0.25239233269648775 0.026363565709980892
21.1 0.4091659192302875 0.45230847838078797 14.466927106192095 0.6087217550604124 0.24977012103247645 0.026081195814393866
21.200000000000003 0.4056634556192224 0.4503684356275551 14.51196394975485 0.6106167605619033 0.2471759885015236 0.02580197689608925
21.3 0.40218613909174045 0.448434019166555 14.556807351671504 0.6125036266611941 0.2446096218443771 0.025525872258784478
21.400000000000002 0.398733871786741 0.44650524733016356 14.601457876404519 0.6143823771090494 0.2420707114495287 0.025252845643023814
21.5 0.3953065547610851 0.44458213794589474 14.645916090199108 0.6162530357312463 0.2395589513097834 0.024982861221169682
21.6 0.39190408801964777 0.44266470834009786 14.690182561033119 0.6181156264264657 0.23707403897932605 0.024715883592442308
21.700000000000003 0.388526370545107 0.4407529753416913 14.734257858567288 0.6199701731641987 0.23461567553128174 0.024451877778007364
21.8 0.38517330032746583 0.43884695528593215 14.77814255409588 0.6218166999826702 0.23218356551576458 0.024190809216111407
21.900000000000002 0.38184477439330117 0.43694666401821924 14.821837220497702 0.6236552309867777 0.22977741691841055 0.02393264375726488
22.0 0.3785406888347392 0.43505211689792933 14.865342432187497 0.6254857903460456 0.22739694111939077 0.02367734765947252
22.1 0.37526093883814954 0.43316332880228303 14.908658765067726 0.627308402292597 0.2250418528528974 0.023424887583510683
22.200000000000003 0.3720054187125588 0.43128031413024104 14.95178679648075 0.6291230911191412 0.22271187016710225 0.023175230588251664
22.3 0.36877402191777625 0.4294030868064273 14.994727105161392 0.6309298811769779 0.22040671438457787 0.022928344126034395
22.400000000000002 0.3655666410922313 0.4275316602850784 15.0374802711899 0.6327287968740178 0.21812611006318047 0.022684196038081562
22.5 0.36238316808052035 0.42566604755401877 15.0800468759453 0.6345198626728205 0.2158697849573891 0.022442754549962814
22.6 0.35922349396065617 0.42380626113865766 15.122427502059166 0.6363031030886479 0.2136374699800963 0.022203988267103625
22.700000000000003 0.35608750907102327 0.4219523131060092 15.164622733369766 0.6380785426875365 0.211428899164844 0.021967866170339745
22.8 0.3529751030370313 0.42010421506873225 15.20663315487664 0.639846206084385 0.20924380962850422 0.021734357611516923
22.900000000000002 0.349886164797468 0.4182619781891895 15.248459352695557 0.6416061179410597 0.207081941534395 0.021503432309135498
23.0 0.3468205826305488 0.41642561318352456 15.29010191401391 0.643358302964517 0.20494303805583217 0.021275060344039927
23.1 0.3437782441796597 0.41459513032575507 15.331561427046484 0.6451027859049431 0.20282684534010675 0.021049212155152406
23.200000000000003 0.3407590364787936 0.4127705394518809 15.372838480991673 0.6468395915539108 0.20073311247289075 0.020825858535250957
23.3 0.3377628459776791 0.4109518499640068 15.413933665988072 0.6485687447425539 0.19866159144305917 0.020604970626791216
23.400000000000002 0.33478955856659665 0.4091390708344759 15.454847573071518 0.6502902703397593 0.1966120371079304 0.020386519917771836
23.5 0.33183905960088633 0.4073322106100169 15.49558079413252 0.6520041932503755 0.19458420715891656 0.020170478237643213
23.6 0.3289112339251405 0.4055312774158983 15.536133921874109 0.6537105384134394 0.19257786208758088 0.019956817753259207
23.700000000000003 0.3260059658970865 0.4037362789600945 15.576507549770117 0.6554093308004207 0.1905927651520975 0.019745510964871656
23.8 0.32312313941115234 0.40194722253745724 15.616702272023861 0.6571005954134839 0.1886286823441119 0.019536530702167234
23.900000000000002 0.32026263792171933 0.40016411503389415 15.656718683527252 0.6587843572837664 0.18668538235599214 0.0193298501203465
24.0 0.3174243444660599 0.39838696293055315 15.696557379820305 0.6604606414696766 0.18476263654847191 0.019125442696244818
24.1 0.31460814168695966 0.39661577230801076 15.736218957051108 0.6621294730552083 0.18286021891868037 0.01892328222449482
24.200000000000003 0.3118139118550233 0.3948505488504627 15.775704011936154 0.6637908771482721 0.1809779060685514 0.01872334281373013
24.3 0.30904153689066616 0.39309129784991814 15.815013141721145 0.6654448788790457 0.1791154771736128 0.01852559888283002
24.400000000000002 0.30629089838578855 0.39133802421039315 15.854146944142185 0.6670915033983417 0.17727271395214608 0.01833002515720479
24.5 0.30356187762513664 0.38959073245210585 15.893106017387394 0.6687307758759917 0.17544940063471942 0.018136596665121484
24.6 0.3008543556073455 0.3878494267156686 15.93189096005896 0.6703627214992504 0.17364532393408255 0.017945288734069607
24.700000000000003 0.2981682130656704 0.38611411076628005 15.970502371135588 0.6719873654712148 0.17186027301542495 0.017756076987166747
24.8 0.2955033304884013 0.38438478799791315 16.008940849935378 0.6736047330092628 0.17009403946699164 0.017568937339603484
24.900000000000002 0.29285958813896495 0.3826614614374989 16.047206996079126 0.6752148493435084 0.16834641727105157 0.01738384599512755
25.0 0.290236866075714 0.3809441337491063 16.085301409454036 0.6768177397152756 0.16661720277521552 0.017200779442566816
25.1 0.2876350441714031 0.37923280723811537 16.123224690177846 0.6784134293755881 0.16490619466410122 0.0170197144523908
25.200000000000003 0.2850540021323557 0.3775274838553848 16.160977438563386 0.6800019435836788 0.16321319393133954 0.016840628073310434
25.3 0.2824936195173187 0.3758281652014114 16.198560255083525 0.6815833076055147 0.1615380038519179 0.016663497628915724
25.400000000000002 0.2799537757560084 0.37413485253048023 16.235973740336572 0.6831575467123402 0.15988042995486007 0.016488300714351
25.5 0.27743435016735013 0.37244754675480823 16.273218495012056 0.6847246861792385 0.1582402799962342 0.016315015193027596
25.6 0.27493522197740905 0.3707662484486749 16.310295119856924 0.6862847512837087 0.15661736393248982 0.01614361919337335
25.700000000000003 0.2724562703370179 0.36909095785254475 16.347204215642176 0.6878377673042619 0.1550114938941169 0.015974091105618943
25.8 0.2699973743390989 0.3674216748771763 16.383946383129892 0.6893837595190339 0.15342248415962467 0.015806409578620534
25.900000000000002 0.2675584130356855 0.3657583991077208 16.420522223040667 0.6909227532044148 0.1518501511298367 0.01564055351671849
26.0 0.26513926545464206 0.36410112980780635 16.45693233602145 0.692454773633696 0.15029431330249748 0.015476502076631898
26.1 0.26273981061608487 0.3624498659236094 16.49317732261381 0.6939798460757353 0.14875479124718904 0.015314234664388459
26.200000000000003 0.26035992754850656 0.3608046060879119 16.5292577832226 0.695497995793637 0.14723140758055187 0.015153730932289626
26.3 0.25799949530460503 0.35916534862414345 16.565174318085017 0.6970092480434518 0.14572398694180755 0.01499497077591048
26.400000000000002 0.2556583929768173 0.35753209155040705 16.600927527240056 0.6985136280728902 0.14423235596858025 0.01483793433113415
26.5 0.25333649971256483 0.35590483258349054 16.636518010498406 0.7000111611200567 0.1427563432730124 0.014682601971220524
26.6 0.2510336947292064 0.35428356914285936 16.671946367412694 0.7015018724121971 0.14129577941817334 0.014528954303908728
26.700000000000003 0.24874985732870508 0.35266829835463315 16.70721319724816 0.7029857871644648 0.13985049689475293 0.01437697216855333
26.8 0.24648486691200971 0.35105901705554415 16.74231909895371 0.7044629305787035 0.13842033009804394 0.014226636633293778
26.900000000000002 0.24423860299315225 0.3494557217968768 16.777264671133402 0.7059333278422458 0.13700511530520149 0.014077928992256782
27.0 0.24201094521306563 0.3478584088483888 16.812050512018242 0.7073970041267285 0.13560469065278508 0.013930830762791465
27.1 0.239801773353121 0.3462670742022124 16.84667721943846 0.7088539845869243 0.13421889611457155 0.013785323682736796
27.200000000000003 0.23761096734839052 0.34468171357673627 16.881145390796135 0.7103042943595909 0.1328475734796422 0.01364138970772115
27.3 0.23543840730063456 0.34310232242046584 16.91545562303818 0.7117479585623343 0.13149056633073714 0.01349901100849357
27.400000000000002 0.2332839734910177 0.34152889591586366 16.94960851262977 0.7131850022924903 0.13014772002287583 0.013358169968286551
27.5 0.23114754639255594 0.33996142898316856 16.983604655528087 0.7146154506260199 0.12881888166223915 0.013218849180209928
27.6 0.22902900668229598 0.33839991628419175 17.017444647156506 0.7160393286164236 0.12750390008531004 0.013081031444675633
27.700000000000003 0.2269282352532317 0.3368443522260925 17.051129082379116 0.7174566612936686 0.1262026258382717 0.012944699766853007
27.8 0.2248451132259575 0.33529473096512974 17.084658555475627 0.7188674736631332 0.12491491115665733 0.01280983735415438
27.900000000000002 0.22277952196006276 0.3337510464103916 17.118033660116666 0.7202717907045678 0.12364060994525033 0.01267642761375054
28.0 0.2207313430652706 0.33221329222750146 17.151254989339417 0.7216696373710695 0.12237957775823154 0.012544454150115947
28.1 0.21870045841232083 0.33068146184229985 17.184323135523645 0.723061038588073 0.12113167177957006 0.012413900762603226
28.200000000000003 0.21668675014360347 0.3291555484445033 17.217238690368095 0.7244460192523583 0.11989675080365687 0.012284751443046797
28.3 0.21469010068354186 0.3276355449913378 17.25000224486723 0.7258246042310712 0.11867467521617274 0.012156990373395196
28.400000000000002 0.21271039274873077 0.3261214442111487 17.28261438928834 0.7271968183607606 0.11746530697519617 0.012030601923371933
28.5 0.21074750935783093 0.32461323860698515 17.31507571314904 0.728562686446431 0.11626850959254115 0.011905570648164533
28.6 0.20880133384122226 0.3231109204601589 17.347386805195054 0.729922233260609 0.11508414811532491 0.01178188128614141
28.700000000000003 0.20687174985042014 0.3216144818337789 17.379548253378434 0.7312754835424253 0.11391208910776215 0.011659518756596439
28.8 0.20495864136725597 0.32012391457625905 17.41156064483606 0.7326224619967114 0.1127522006331861 0.011538468157520791
28.900000000000002 0.20306189271282515 0.3186392103248007 17.44342456586854 0.7339631932931105 0.11160435223628641 0.011418714763401783
29.0 0.20118138855620596 0.3171603605088489 17.475140601919424 0.7352977020652043 0.11046841492557133 0.011300244023048567
29.1 0.1993170139229509 0.3156873563535218 17.506709337554778 0.736626012909652 0.10934426115604093 0.011183041557444165
29.200000000000003 0.1974686542033543 0.31422018888301423 17.538131356443078 0.7379481503853459 0.10823176481207634 0.011067093157623805
29.3 0.19563619516049888 0.3127588489239744 17.569407241335476 0.7392641390125796 0.10713080119054134 0.010952384782579094
29.400000000000002 0.1938195229380829 0.3113033271088529 17.60053757404636 0.7405740032722311 0.10604124698408751 0.010838902557187823
29.5 0.19201852406803274 0.30985361387922583 17.631522935434283 0.7418777676049597 0.10496298026467102 0.010726632770169194
29.6 0.1902330854779013 0.30840969948908975 17.66236390538319 0.7431754564104165 0.10389588046726747 0.010615561872064014
29.700000000000003 0.1884630944980575 0.30697157400812985 17.693061062784004 0.7444670940464692 0.10283982837379067 0.010505676473239797
29.8 0.1867084388686676 0.30553922732496036 17.7236149855165 0.7457527048284399 0.10179470609720921 0.010396963341920345
29.900000000000002 0.184969006746472 0.30411264915033703 17.754026250431533 0.7470323130283569 0.10076039706585653 0.010289409402239613
30.0 0.183244686711361 0.30269182902034286 17.78429543333357 0.74830594287422 0.09973678600793835 0.010183001732319574
30.1 0.18153536777275078 0.3012767562995449 17.814423108963524 0.7495736185492781 0.09872375893622713 0.010077727562371804
30.200000000000003 0.17984093937576406 0.2998674201841241 17.844409850981936 0.750835364191321 0.09772120313294876 0.00997357427282258
30.3 0.17816129140721637 0.2984638097049761 17.874256231952433 0.7520912038919847 0.0967290071348525 0.00987052939246111
30.400000000000002 0.17649631420141265 0.2970659137307852 17.90396282332551 0.7533411616960675 0.09574706071846711 0.009768580596610777
30.5 0.17484589854575563 0.2956737209710694 17.93353019542262 0.7545852616008616 0.09477525488553709 0.00966771570532306
30.6 0.17320993568616888 0.29428721997919727 17.96295891742054 0.7558235275554949 0.0938134818486405 0.009567922681593847
30.700000000000003 0.1715883173323381 0.29290639915537703 17.992249557336077 0.7570559834602872 0.092861635016982 0.009469189629602002
30.8 0.16998093566277228 0.2915312467496171 18.02140268201104 0.7582826531661188 0.09191960898236122 0.009371504792969765
30.900000000000002 0.16838768332968831 0.2901617508646585 18.050418857097508 0.7595035604738093 0.09098729950531556 0.00927485655304493
31.0 0.16680845346372172 0.2887978994588791 18.079298647043395 0.7607187291335111 0.09006460350143221 0.009179233427204374
31.1 0.1652431396784649 0.287439680349169 18.10804261507831 0.7619281828441147 0.08915141902782849 0.009084624067178797
31.200000000000003 0.16369163607483797 0.2860870812137783 18.136651323199686 0.7631319452526638 0.08824764526980042 0.0089910172573984
31.3 0.1621538372452927 0.28474008959513647 18.165125332159203 0.7643300399537855 0.08735318252763442 0.008898401913359263
31.400000000000002 0.160629638277853 0.2833986929026429 18.193465201449467 0.7655224904891288 0.08646793220358093 0.008806767080010158
31.5 0.15911893475999528 0.28206287841543 18.22167148929101 0.766709320346818 0.08559179678898945 0.008716101930159589
31.6 0.15762162278236974 0.28073263328509723 18.249744752619517 0.7678905529609154 0.08472467985160122 0.008626395762902824
31.700000000000003 0.15613759894236695 0.27940794453841766 18.277685547073357 0.7690662117108958 0.08386648602299843 0.008537638002068637
31.8 0.1546667603475314 0.2780887990800163 18.305494426981358 0.7702363199211333 0.08301712098620768 0.008449818194685623
31.900000000000002 0.15320900461882386 0.27677518369501974 18.33317194535086 0.7714009008603978 0.08217649146345599 0.008362926009467711
32.0 0.15176422989373722 0.2754670850516784 18.360718653856026 0.7725599777413634 0.08134450520407713 0.008276951235318818
32.1 0.15033233482926575 0.2741644897039602 18.38813510282642 0.773713573720128 0.0805210709725663 0.008191883779856246
32.2 0.1489132186047328 0.27286738409411704 18.415421841235837 0.7748617118957427 0.07970609853678264 0.008107713667952777
32.300000000000004 0.14750678092447778 0.2715757545552233 18.442579416691355 0.776004415309752 0.07889949865629461 0.008024431040297052
32.4 0.14611292202040463 0.2702895873136853 18.469608375422727 0.7771417069457466 0.07810118307087105 0.007942026151972174
32.5 0.14473154265439642 0.269008868491725 18.4965092622719 0.778273609728923 0.07731106448911068 0.00786048937105224
32.6 0.14336254412059607 0.2677335841098349 18.523282620682885 0.7794001465256571 0.07652905657721357 0.007779811177216575
32.7 0.14200582824755717 0.2664637200892057 18.549928992691804 0.7805213401430854 0.07575507394788833 0.007699982160381524
32.800000000000004 0.1406612974002661 0.26519926225412666 18.57644891891722 0.7816372133286976 0.07498903214939653 0.007620993019349495
32.9 0.13932885448203935 0.26394019633435845 18.60284293855065 0.7827477887699388 0.0742308476547312 0.007542834560475134
33.0 0.13800840293629654 0.2626865079674787 18.6291115893474 0.7838530890938218 0.07348043785092653 0.00746549769634833
33.1 0.1366998467482136 0.26143818270120145 18.65525540761752 0.7849531368665487 0.07273772102850104 0.0073889734444939755
33.2 0.13540309044625623 0.26019520599566803 18.68127492821709 0.7860479545931425 0.07200261637102681 0.007313252926088115
33.300000000000004 0.1341180391035974 0.2589575632257121 18.70717068453966 0.7871375647170882 0.07127504394482861 0.007238327364690413
33.4 0.13284459833942092 0.2577252396830983 18.732943208507972 0.7882219896199837 0.07055492468880951 0.007164188084992702
33.5 0.1315826743201125 0.2564982205787328 18.758593030565844 0.7893012516211982 0.06984218040439696 0.007090826511583335
33.6 0.13033217376034198 0.25527649104484923 18.784120679670327 0.7903753729775432 0.06913673374561602 0.007018234167727316
33.7 0.12909300392403725 0.25406003613716704 18.809526683284044 0.791444375882949 0.06843850820928213 0.006946402674161827
33.800000000000004 0.1278650726252533 0.2528488408370239 18.834811567367748 0.7925082824681522 0.06774742812531223 0.00687532374790709
33.9 0.1266482882289379 0.2516428900534822 18.859975856373094 0.7935671148003912 0.06706341864715709 0.006804989201092322
34.0 0.1254425596515962 0.25044216862540963 18.885020073235633 0.7946208948831119 0.06638640574234637 0.0067353909397965825
34.1 0.12424779636185673 0.24924666132353382 18.909944739367987 0.7956696446556802 0.0657163161831528 0.0066665209629043895
34.2 0.12306390838093977 0.24805635285247157 18.934750374653234 0.7967133859931037 0.06505307753736735 0.006598371360975848
34.300000000000004 0.12189080628303163 0.2468712278527326 18.959437497438508 0.7977521407057622 0.06439661815918749 0.006530934315131152
34.4 0.12072840119556551 0.24569127090269763 18.984006624528778 0.7987859305391464 0.06374686718021723 0.006464202095949255
34.5 0.11957660479941168 0.24451646652057166 19.008458271180835 0.7998147771736045 0.06310375450057429 0.006398167062380555
34.6 0.11843532932897916 0.24334679916631238 19.032792951097466 0.8008387022240975 0.06246721078010833 0.006332821660673423
34.7 0.11730448757222987 0.24218225324353337 19.05701117642182 0.8018577272399614 0.06183716742972249 0.006268158423314342
34.800000000000004 0.11618399287060828 0.24102281310138288 19.081113457731956 0.8028718737046785 0.061213556602804704 0.006204169967981577
34.9 0.11507375911888738 0.2398684630363977 19.1051003040356 0.8038811630356566 0.06059631118675674 0.006140848996512103
35.0 0.11397370076493413 0.23871918729433347 19.12897222276503 0.8048856165840137 0.05998536479463208 0.006078188293881722
35.1 0.11288373280939505 0.23757497007197018 19.152729719772225 0.8058852556343739 0.059380651756872134 0.006016180727198122
35.2 0.11180377080530436 0.23643579551889385 19.176373299324116 0.8068801014046671 0.05878210711314194 0.005954819244706776
35.300000000000004 0.11073373085761641 0.2353016477392545 19.19990346409804 0.8078701750459392 0.058189666604265514 0.005894096874809452
35.4 0.10967352962266416 0.23417251079350043 19.223320715177394 0.8088554976421672 0.0576032666642608 0.005834006725095249
35.5 0.10862308430754498 0.23304836870008871 19.2466255520474 0.8098360902100827 0.057022844412465766 0.005774541981383905
35.6 0.10758231266943691 0.23192920543717313 19.26981847259112 0.8108119736990032 0.056448337645765095 0.005715695906781344
35.7 0.10655113301484513 0.23081500494426824 19.292899973085547 0.8117831689906683 0.05587968483090773 0.005657461840747197
35.800000000000004 0.10552946419878179 0.22970575112389088 19.315870548197935 0.8127496968990846 0.05531682509691644 0.00559983319817416
35.9 0.10451722562388045 0.2286014278431791 19.338730690982256 0.8137115781703774 0.054759698227592114 0.005542803468479124
36.0 0.10351433723944622 0.22750201893548794 19.361480892875804 0.814668833482647 0.054208244654104294 0.005486366214705792
36.1 0.10252071954044434 0.2264075082019635 19.384121643696 0.8156214834458348 0.0536624054476739 0.00543051507263876
36.2 0.10153629356642753 0.22531787941309445 19.40665343163731 0.8165695486015936 0.053122122312343444 0.005375243749928838
36.300000000000004 0.10056098090040452 0.22423311631024143 19.429076743268336 0.8175130494231649 0.0525873375778323 0.005320546025229479
36.4 0.0995947036676511 0.22315320260714508 19.45139206352905 0.8184520063152628 0.052057994192480646 0.005266415747344202
36.5 0.09863738453446463 0.22207812199141166 19.47359987572819 0.8193864396139643 0.051534035716275364 0.005212846834384811
36.6 0.09768894670686504 0.22100785812597823 19.495700661540788 0.8203163695866051 0.05101540631396179 0.005159833272940376
36.7 0.09674931392924152 0.21994239465055562 19.517694901005843 0.8212418164316824 0.050502050748236146 0.005107369117256672
36.800000000000004 0.09581841048294848 0.21888171518305097 19.53958307252415 0.8221628002787623 0.04999391437302203 0.005055448488426133
36.9 0.09489616118485103 0.2178258033209691 19.561365652856246 0.823079341188395 0.049490943126823735 0.005004065573588007
37.0 0.09398249138582113 0.2167746426427929 19.583043117120525 0.8239914591520339 0.048993083526163016 0.004953214625138698
37.1 0.0930773269691874 0.21572821670934403 19.60461593879146 0.8248991740919617 0.0485002826590913 0.0049028899599521366
37.2 0.09218059434913789 0.21468650906512254 19.626084589697975 0.8258025058612217 0.048012488178781045 0.004853085958610009
37.300000000000004 0.09129222046907838 0.21364950323962653 19.647449540021938 0.8267014742435546 0.0475296482971927 0.004803797064641757
37.4 0.09041213279994745 0.2126171827486521 19.668711258296803 0.8275960989533409 0.047051711778817604 0.004755017783774203
37.5 0.08954025933848903 0.21158953109557313 19.689870211406358 0.8284863996355484 0.04657862793449593 0.004706742683190695
37.6 0.08867652860548454 0.21056653177260215 19.71092686458362 0.8293723958656859 0.046110346615306434 0.0046589663907996145
37.7 0.08782086964394496 0.20954816826203107 19.73188168140982 0.8302541071497606 0.04564681820653181 0.004611683594512161
37.800000000000004 0.08697321201726473 0.20853442403745326 19.752735123813565 0.8311315529242419 0.04518799362169233 0.004564889041529257
37.9 0.08613348580733837 0.2075252825649665 19.773487652070063 0.8320047525560303 0.04473382429665371 0.004518577537637501
38.0 0.08530162161264088 0.20652072730435664 19.7941397248005 0.8328737253424299 0.04428426218380266 0.004472743946513967
38.1 0.08447755054627383 0.2055207417102637 19.814691798971527 0.8337384905111273 0.0438392597462922 0.004427383189039863
38.2 0.08366120423397719 0.20452530923332837 19.83514432989486 0.8345990672201749 0.04339876995235503 0.0043824902426228066
38.300000000000004 0.08285251481210866 0.203534413321321 19.855497771226993 0.8354554745579786 0.04296274626968494 0.004338060140527657
38.400000000000006 0.08205141492559188 0.20254803742025235 19.875752574969017 0.8363077315432904 0.04253114265988378 0.00429408797121583
38.5 0.08125783772583374 0.20156616497546623 19.895909191466565 0.8371558571252059 0.04210391357297534 0.004250568877692913
38.6 0.08047171686861243 0.20058877943271458 19.915968069409836 0.8379998701831651 0.041681013941981246 0.0042074980568645
38.7 0.07969298651193782 0.19961586423921548 19.935929655833757 0.8388397895269598 0.04126239917756532 0.00416487075890018
38.800000000000004 0.07892158131388351 0.198647402844693 19.955794396118225 0.8396756338967435 0.04084802516273673 0.004122682286605509
38.900000000000006 0.07815743643039356 0.19768337870240074 19.97556273398847 0.8405074219630462 0.0404378482476183 0.004080927994801882
39.0 0.07740048751306329 0.19672377527012755 19.99523511151548 0.8413351723267933 0.0400318252442756 0.004039603289714216
39.1 0.07665067070689613 0.1957685760111874 20.014811969116597 0.8421589035193296 0.03962991342160661 0.003998703628366344
39.2 0.07590792264803692 0.19481776439539197 20.034293745556138 0.8429786340024462 0.03923207050029204 0.003958224517983984
39.300000000000004 0.07517218046148297 0.19387132390000716 20.053680877946135 0.8437943821684114 0.038838254647804174 0.003918161515405218
39.400000000000006 0.07444338175877348 0.19292923801069328 20.072973801747207 0.8446061663400071 0.038448424473475545 0.0038785102264983808
39.5 0.07372146463565826 0.1919914902224292 20.09217295076945 0.8454140047705666 0.03806253902362463 0.003839266305587223
39.6 0.07300636766974669 0.1910580640404203 20.11127875717349 0.8462179156440192 0.03768055777673725 0.0038004254548832973
39.7 0.07229802991813832 0.19012894298099162 20.13029165147159 0.8470179170749356 0.037302440638708245 0.0037619834239254702
39.800000000000004 0.07159639091503467 0.1892041105724644 20.149212062528836 0.8478140271085792 0.03692814793813492 0.0037239360090264286
39.900000000000006 0.07090139066933428 0.18828355035601793 20.168040417564438 0.8486062637209602 0.03655764042166716 0.0036862790527261145
40.0 0.07021296966221154 0.18736724588653633 20.18677714215309 0.8493946448188926 0.03619087924941222 0.0036490084432520124
40.1 0.0695310688446792 0.18645518073343953 20.205422660226436 0.8501791882400563 0.035827825990392664 0.003612120113986147
40.2 0.06885562963513718 0.1855473384815007 20.223977394074588 0.8509599117530607 0.03546844261805683 0.003575610042938792
40.300000000000004 0.06818659391690617 0.1846437027316477 20.242441764347753 0.8517368330575136 0.03511269150584205 0.0035394742522286827
40.400000000000006 0.06752390403574869 0.18374425710175094 20.260816190057927 0.8525099697840917 0.03476053542279062 0.0035037088075697566
40.5 0.06686750279737752 0.18284898522739676 20.279101088580667 0.8532793394946157 0.0344119375292138 0.0034683098177642805
40.6 0.06621733346495169 0.18195787076264616 20.297296875656933 0.854044959682128 0.03406686137240979 0.0034332734342022594
40.7 0.0655733397565624 0.18107089738078067 20.31540396539501 0.8548068477709732 0.03372527088242863 0.0033985958503671386
40.800000000000004 0.06493546584270726 0.1801880487750329 20.333422770272513 0.8555650211168823 0.033387130367888075 0.0033642733013475785
40.900000000000006 0.06430365634375577 0.17930930865930494 20.351353701138443 0.8563194970070597 0.03305240451183668 0.0033303020633553646
41.0 0.0636778563274049 0.17843466076887207 20.369197167215333 0.8570702926602731 0.03272105836766544 0.0032966784532492415
41.1 0.06305801130612691 0.1775640888610742 20.386953576101437 0.857817425226946 0.03239305735506701 0.0032633988280647047
41.2 0.06244406723460861 0.1766975767159932 20.404623333773035 0.8585609117892544 0.032068367256040564 0.0032304595845496016
41.300000000000004 0.061835970507183875 0.1758351081371179 20.422206844586746 0.8593007693612238 0.031746954210944464 0.0031978571587054816
41.400000000000006 0.06123366795525966 0.1749766669519963 20.439704511281946 0.8600370148888318 0.031428784714593073 0.0031655880253346398
41.5 0.06063710684473515 0.1741222370128743 20.457116734983234 0.860769665250111 0.03111382561239875 0.003133648697592742
41.6 0.060046234873416524 0.1732718021973231 20.47444391520297 0.8614987372552565 0.030802044096559483 0.003102035726547004
41.7 0.05946100016842595 0.17242534640885304 20.491686449843854 0.862224247646734 0.030493407702288998 0.0030707457007398092
41.800000000000004 0.05888135128360695 0.17158285357751651 20.508844735201606 0.8629462130993925 0.030187884304091334 0.003039775245757729
41.900000000000006 0.05830723719692522 0.17074430766049745 20.525919165967654 0.8636646502205774 0.029885442112076884 0.003009121023805831
42.0 0.05773860730786677 0.16990969264269 20.54291013523192 0.8643795755502485 0.02958604966832219 0.0029787797332872625
42.1 0.05717541143483309 0.16907899253726508 20.559818034485648 0.8650910055610977 0.029289675843271325 0.0029487481083879915
42.2 0.05661759981253384 0.1682521913862251 20.57664325362427 0.8657989566586708 0.0289962898321775 0.0029190229186666582
42.300000000000004 0.05606512308937829 0.16742927326094784 20.593386180950365 0.866503445181491 0.02870586115158621 0.002889600968649482
42.400000000000006 0.055517932324864704 0.16661022226271818 20.610047203176634 0.8672044874011849 0.028418359635858984 0.0028604790974301117
42.5 0.05497597898696979 0.16579502252324976 20.62662670542896 0.8679020995226109 0.02813375543373563 0.002831654178274429
42.6 0.05443921494953671 0.16498365820519423 20.64312507124948 0.8685962976839879 0.02785201900493758 0.0028031231182301464
42.7 0.053907592489664403 0.16417611350264144 20.659542682599742 0.8692870979570296 0.02757312111680779 0.002774882857741248
42.800000000000004 0.053381064285096244 0.16337237264160706 20.675879919863903 0.8699745163470775 0.027297032840991657 0.002746930370267089
42.900000000000006 0.05285958341161029 0.16257241988051094 20.692137161851957 0.8706585687932376 0.027023725550153133 0.0027192626619061966
43.0 0.05234310334041091 0.16177623951064463 20.708314785803022 0.8713392711685184 0.026753170914729816 0.0026918767710246484
43.1 0.05183157793552149 0.1609838158566281 20.724413167388686 0.872016639279972 0.02648534089972501 0.0026647697678889794
43.2 0.051324961451180214 0.16019513327685742 20.74043268071637 0.872690688868835 0.026220207761535205 0.0026379387543036025
43.300000000000004 0.05082320852923746 0.1594101761639411 20.756373698332766 0.8733614356106741 0.025957744044814206 0.0026113808632525987
43.400000000000006 0.0503262741965568 0.15862892894512778 20.772236591227276 0.8740288951155298 0.025697922579373707 0.002585093258545913
43.5 0.04983411386241864 0.1578513760827232 20.78802172883555 0.8746930829280657 0.025440716477117452 0.0025590731344698175
43.6 0.04934668331592786 0.15707750207449803 20.803729479043 0.8753540145277167 0.025186099129011142 0.0025333177154416527
43.7 0.048863938723425274 0.15630729145408617 20.819360208188407 0.8760117053288401 0.024934044202086707 0.002507824255668746
43.800000000000004 0.04838583662590325 0.15554072879137357 20.834914281067544 0.8766661706808687 0.024684525636479177 0.002482590038811466
43.900000000000006 0.04791233393642621 0.1547777986928781 20.850392060936834 0.8773174258684642 0.024437517642499712 0.0024576123776503802
44.0 0.04744338793755563 0.1540184858021199 20.865793909517045 0.8779654861116728 0.024192994697738616 0.0024328886137574123
44.1 0.046978956278780584 0.15326277479998296 20.88112018699704 0.8786103665660834 0.023950931544202622 0.002408416117171014
44.2 0.046518996973953675 0.1525106504050679 20.89637125203755 0.8792520823229857 0.023711303185485543 0.0023841922860752263
44.300000000000004 0.04606346839873289 0.1517620973740362 20.911547461774955 0.8798906484095296 0.023474084883968103 0.0023602145464826614
44.400000000000006 0.04561232928802926 0.15101710050194525 20.926649171825147 0.8805260797888881 0.023239252158051563 0.002336480351921264
44.5 0.04516553873346118 0.15027564462257545 20.941676736287405 0.8811583913604197 0.02300678077942157 0.00231298718312488
44.6 0.044723056180815235 0.14953771460874885 20.956630507748283 0.8817875979598323 0.022776646770342822 0.0022897325477275413
44.7 0.04428484142751385 0.14880329537263925 20.971510837285546 0.8824137143593491 0.022548826400984143 0.002266713979961429
44.800000000000004 0.043850854620090314 0.14807237186607486 20.986318074472152 0.8830367552678754 0.022323296186773964 0.002243929040358475
44.900000000000006 0.043421056251670705 0.1473449290808318 21.00105256738024 0.8836567353311673 0.02210003288578454 0.00222137531545553
45.0 0.04299540715946405 0.14662095204892112 21.01571466258513 0.8842736691319993 0.02187901349614599 0.002199050417503103
45.1 0.04257386852225964 0.1459004258428666 21.030304705169414 0.884887571190337 0.021660215253490878 0.0021769519841775414
45.2 0.0421564018579331 0.14518333557597632 21.044823038727014 0.8854984559635071 0.021443615628423465 0.0021550776782967174
45.300000000000004 0.041742969020960245 0.1444696664026055 21.059270005367274 0.8861063378463705 0.0212291923240214 0.0021334251875390715
45.400000000000006 0.041333532199939446 0.1437594035184124 21.073645945719115 0.8867112311714962 0.021016923273363144 0.002111992224166033
45.5 0.04092805391512308 0.14305253216060715 21.087951198935173 0.8873131502093363 0.020806786637083054 0.002090776524747763
45.6 0.040526497015957196 0.14234903760819248 21.102186102695995 0.887912109168402 0.020598760800954536 0.002069775849892142
45.7 0.04012882467863098 0.1416489051821986 21.116350993214212 0.8885081221954392 0.020392824373499305 0.002048987983977033
45.800000000000004 0.03973500040363481 0.14095212024590978 21.130446205238805 0.8891012033756082 0.020188956183624193 0.0020284107348856853
45.900000000000006 0.03934498801332823 0.14025866820508498 21.144472072059315 0.8896913667326607 0.019987135278282712 0.0020080419337453236
46.0 0.038958751649517065 0.13956853450817105 21.15842892551013 0.8902786262291204 0.019787340920164945 0.0019878794346688215
46.1 0.03857625577104069 0.13888170464650967 21.17231709597478 0.8908629957664633 0.01958955258541053 0.0019679211144994595
46.2 0.03819746515136891 0.13819816415453737 21.186136912390236 0.8914444891852992 0.019393749961348933 0.0019481648725586935
46.300000000000004 0.037822344876209016 0.13751789860997915 21.199888702251233 0.8920231202655529 0.019199912944263646 0.0019286086303969354
46.400000000000006 0.03745086034112314 0.13684089363403606 21.213572791614638 0.8925989027266487 0.019008021637183178 0.0019092503315472679
46.5 0.03708297724915565 0.13616713489156562 21.227189505103794 0.8931718502276923 0.01881805634769223 0.0018900879412820774
46.6 0.036718661608471335 0.1354966080912569 21.240739165912917 0.8937419763676568 0.01862999758577178 0.0018711194463725633
46.7 0.036357879730003956 0.13482929898579898 21.2542220958115 0.8943092946855676 0.018443826061661242 0.0018523428548510932
46.800000000000004 0.03600059822511584 0.13416519337204386 21.2676386151487 0.8948738186606866 0.018259522683743135 0.0018337561957763584
46.900000000000006 0.03564678400326782 0.13350427709116255 21.28098904285782 0.8954355617127009 0.018077068556452167 0.0018153575190012893
47.0 0.03529640426970063 0.13284653602879645 21.2942736964607 0.8959945372019085 0.01789644497820822 0.001797144894943715
47.1 0.03494942652312711 0.13219195611520224 21.30749289207222 0.8965507584294066 0.017717633439370183 0.0017791164143597165
47.2 0.03460581855343557 0.1315405233253912 21.320646944404757 0.8971042386372796 0.01754061562021364 0.0017612701881196393
47.300000000000004 0.034265548439404665 0.13089222367926345 21.333736166772685 0.8976549910087884 0.01736537338893106 0.0017436043469867518
47.400000000000006 0.033928584546429254 0.13024704324173592 21.34676087109686 0.8982030286685594 0.017191888799653093 0.0017261170413984711
47.5 0.033594895524258164 0.12960496812286587 21.359721367909145 0.8987483646827744 0.017020144090491445 0.0017088064412501887
47.6 0.033264450304742926 0.12896598447796792 21.37261796635694 0.8992910120593615 0.01685012168160477 0.001691670735681588
47.7 0.032937218099598944 0.12833007850772737 21.385450974207714 0.8998309837481856 0.016681804173284354 0.0016747081328655031
47.800000000000004 0.0326131683981775 0.1276972364583069 21.398220697853546 0.9003682926412401 0.016515174344060777 0.0016579168597992107
47.900000000000006 0.03229227096525015 0.12706744462144925 21.41092744231569 0.9009029515728378 0.016350215148832576 0.0016412951620981705
48.0 0.03197449583880476 0.1264406893345745 21.423571511249147 0.9014349733198048 0.016186909717014912 0.001624841303792184
48.1 0.031659813327853385 0.1258169569808724 21.436153206947235 0.9019643706016711 0.016025241350706397 0.0016085535671239036
48.2 0.03134819401025226 0.12519623398939014 21.448672830346172 0.9024911560808648 0.015865193522880038 0.0015924302523497105
48.300000000000004 0.031039608730533744 0.12457850683511532 21.461130681029687 0.9030153423629056 0.01570674987559043 0.0015764696775428923
48.400000000000006 0.03073402859775046 0.1239637620390541 21.473527057233593 0.9035369419965971 0.01554989421820201 0.0015606701783991215
48.5 0.03043142498333139 0.12335198616830495 21.48586225585042 0.9040559674742219 0.01539461052563681 0.001545030108044177
48.6 0.030131769518950358 0.12274316583612783 21.498136572434035 0.9045724312317358 0.015240882936640322 0.0015295478368439082
48.7 0.0298350340944066 0.12213728770200892 21.510350301204237 0.9050863456489618 0.015088695752067689 0.0015142217522163927
48.800000000000004 0.02954119085551781 0.12153433847172125 21.52250373505141 0.9055977230497848 0.014938033433186917 0.0014990502584462787
48.900000000000006 0.029250212202025182 0.12093430489738051 21.534597165541147 0.9061065757023473 0.014788880600002595 0.0014840317765012602
49.0 0.028962070785511138 0.12033717377749724 21.546630882918897 0.9066129158192441 0.014641222029595115 0.0014691647438506822
49.1 0.028676739507329203 0.11974293195702451 21.5586051761146 0.9071167555577173 0.014495042654480813 0.001454447614286241
49.2 0.028394191516546395 0.11915156632740166 21.57052033274734 0.9076181070198531 0.014350327560988304 0.0014398788577447456
49.300000000000004 0.028114400207898137 0.11856306382659428 21.58237663913 0.9081169822527765 0.014207061987651934 0.0014254569601329296
49.400000000000006 0.02783733921975531 0.11797741143912954 21.594174380273913 0.9086133932488475 0.014065231323624633 0.0014111804231542661
49.5 0.02756298243210428 0.11739459619612881 21.605913839893528 0.9091073519458575 0.013924821107106024 0.0013970477641377964
49.6 0.027291303964538795 0.11681460517533498 21.61759530041106 0.9095988702272247 0.013785817023789095 0.0013830575158688945
49.7 0.027022278174265116 0.11623742550113779 21.629219042961175 0.9100879599221916 0.013648204905321704 0.0013692082264220114
49.800000000000004 0.026755879654119043 0.11566304434459401 21.640785347395635 0.9105746328060201 0.013511970727787408 0.001355498458995302
49.900000000000006 0.0264920832305958 0.11509144892344478 21.65229449228798 0.9110589006001887 0.013377100610199758 0.0013419267917471728
50.0 0.02623086396189252 0.11452262650212952 21.663746754938188 0.9115407749725883 0.01324358081301613 0.0013284918176346898
50.1 0.025972197135962875 0.11395656439179551 21.67514241137737 0.9120202675377201 0.013111397736664454 0.0013151921442538267
50.2 0.02571605826858486 0.11339324995030538 21.6864817363724 0.9124973898568907 0.012980537920087673 0.0013020263936815621
50.300000000000004 0.02546242310144054 0.11283267058223992 21.69776500343062 0.9129721534384087 0.01285098803930353 0.0012889932023197519
50.400000000000006 0.025211267600208788 0.1122748137388987 21.70899248480451 0.9134445697377828 0.012722734905979933 0.001276091220740805
50.5 0.024962567952670257 0.11171966691829657 21.720164451496345 0.913914650157917 0.012595765466024972 0.0012633191135351
50.6 0.024716300566825056 0.1111672176651576 21.731281173262857 0.9143824060493069 0.012470066798193917 0.0012506755591601523
50.7 0.02447244206902297 0.11061745357090573 21.74234291861995 0.9148478487102378 0.01234562611270775 0.0012381592497914895
50.800000000000004 0.02423096930210603 0.11007036227365209 21.753349954847316 0.9153109893869796 0.012222430749892068 0.0012257688911752214
50.900000000000006 0.023991859323563885 0.10952593145818 21.764302547993136 0.9157718392739838 0.012100468178823378 0.0012135032024822956
51.0 0.023755089403701315 0.1089841488559261 21.775200962878728 0.9162304095140795 0.011979725995997545 0.001201360916164384
51.1 0.023520637023818475 0.10844500224495934 21.786045463103225 0.9166867111986704 0.011860191924006207 0.001189340777811426
51.2 0.023288479874403505 0.10790847944995682 21.79683631104822 0.9171407553679298 0.01174185381023124 0.0011774415460107709
51.300000000000004 0.023058595853337655 0.10737456834217694 21.807573767882438 0.9175925530109976 0.01162469962555169 0.0011656619922079184
51.400000000000006 0.02283096306411268 0.10684325683942969 21.81825809356638 0.9180421150661754 0.011508717463064828 0.0011540009005688318
51.5 0.022605559814060774 0.10631453290604435 21.828889546856985 0.9184894524211227 0.011393895536821201 0.00114245706784381
51.6 0.022382364612596815 0.10578838455283457 21.83946838531227 0.9189345759130524 0.011280222180572515 0.00113102930323289
51.7 0.022161356169472974 0.10526479983706086 21.849994865295976 0.9193774963289262 0.01116768584653384 0.001119716428252771
51.800000000000004 0.021942513393045687 0.10474376686239063 21.860469241982216 0.9198182244056498 0.011056275104157687 0.0011085172766052394
51.900000000000006 0.021725815388554757 0.10422527377885547 21.8708917693601 0.9202567708302678 0.01094597863892293 0.0010974306940470658
52.0 0.021511241456414983 0.10370930878280643 21.88126270023838 0.9206931462401594 0.010836785251135555 0.0010864555382613778
52.1 0.02129877109051968 0.10319586011686631 21.89158228625007 0.9211273612232324 0.010728683854742078 0.001075590678730462
52.2 0.02108838397655681 0.1026849160698805 21.901850777857057 0.9215594263181172 0.010621663476155337 0.0010648349966100143
52.300000000000004 0.020880059990336867 0.10217646497686458 21.912068424354743 0.9219893520143624 0.010515713253095527 0.0010541873846047814
52.400000000000006 0.020673779196133144 0.10167049521895018 21.92223547387664 0.9224171487526279 0.010410822433438792 0.0010436467468456054
52.5 0.020469521845034082 0.10116699522332884 21.93235217339897 0.922842826924879 0.010306980374082814 0.0010332119987678488
52.6 0.020267268373307456 0.10066595346319294 21.94241876874529 0.9232663968745798 0.010204176539820656 0.0010228820669911647
52.7 0.02006699940077693 0.10016735845767555 21.952435504591058 0.9236878688968866 0.010102400502230428 0.0010126558892006327
52.800000000000004 0.019868695729210233 0.0996711987717872 21.962402624468236 0.924107253238841 0.010001641938571969 0.0010025324140292005
52.900000000000006 0.019672338340719527 0.09917746301635147 21.97232037076987 0.9245245600995627 0.009901890630700478 0.0009925106009414562
53.0 0.019477908396173506 0.09868613984793788 21.982188984754664 0.9249397996304418 0.009803136463986572 0.0009825894201186797
53.1 0.019285387233621443 0.0981972179687934 21.992008706551545 0.9253529819353311 0.009705369426253347 0.0009727678523451897
53.2 0.019094756366728992 0.0977106861267717 22.00177977516422 0.9257641170707378 0.009608579606718461 0.0009630448888959447
53.300000000000004 0.018905997483225773 0.09722653311526071 22.011502428475744 0.9261732150460157 0.00951275719495283 0.0009534195314254021
53.400000000000006 0.018719092443364713 0.09674474777310836 22.021176903253053 0.9265802858235556 0.009417892479847735 0.0009438907918576081
53.5 0.018534023278392906 0.09626531898454631 22.03080343515151 0.9269853393189772 0.00932397584859304 0.000934457692277508
53.6 0.018350772189034293 0.09578823567911221 22.04038225871942 0.9273883854013188 0.009230997785665744 0.0009251192648234643
53.7 0.01816932154398377 0.0953134868315701 22.049913607402576 0.9277894338932284 0.009138948871832045 0.0009158745515809661
53.800000000000004 0.017989653878412944 0.09484106146182925 22.059397713548762 0.9281884945711532 0.009047819783155872 0.0009067226044775183
53.900000000000006 0.017811751892487192 0.09437094863486112 22.068834808412248 0.928585577165529 0.00895760129002066 0.0008976624851786865
54.0 0.01763559844989432 0.09390313746061502 22.078225122158308 0.9289806913609702 0.008868284256160628 0.0008886932649853011
54.1 0.017461176576384504 0.09343761709393199 22.087568883867704 0.9293738467964583 0.008779859637702694 0.0008798140247317916
54.2 0.01728846945832157 0.09297437673445724 22.096866321541146 0.9297650530655298 0.008692318482217583 0.0008710238546856455
54.300000000000004 0.017117460441245586 0.09251340562655119 22.106117662103802 0.9301543197164658 0.008605651927782284 0.0008623218544479782
54.400000000000006 0.016948133028446548 0.09205469305919864 22.115323131409724 0.9305416562524781 0.00851985120204998 0.0008537071328551935
54.5 0.01678047087954945 0.09159822836591723 22.124482954246314 0.9309270721318976 0.008434907621333797 0.0008451788078817375
54.6 0.016614457809110146 0.09114400092466357 22.13359735433878 0.9313105767683614 0.008350812589695857 0.000836736006543908
54.7 0.01645007778522268 0.09069200015773905 22.142666554354552 0.9316921795309987 0.00826755759804829 0.0008283778648047422
54.800000000000004 0.016287314928137193 0.09024221553169334 22.151690775907724 0.9320718897446175 0.008185134223264131 0.0008201035274799292
54.900000000000006 0.01612615350888908 0.08979463655722729 22.160670239563444 0.93244971668989 0.008103534127295482 0.0008119121481447692
55.0 0.015966577947938942 0.08934925278909428 22.169605164842356 0.9328256696035384 0.008022749056303556 0.0008038028890421529
55.1 0.015808572813823255 0.0889060538260001 22.178495770224956 0.9331997576785194 0.00794277083979492 0.0007957749209915398
55.2 0.01565212282181607 0.08846502931050232 22.187342273156005 0.933571990064209 0.007863591389769324 0.0007878274232989505
55.300000000000004 0.015497212832601158 0.0880261689289076 22.1961448900489 0.9339423758665867 0.00778520269987567 0.0007799595836679266
55.400000000000006 0.01534382785095505 0.08758946241116865 22.204903836290015 0.9343109241484184 0.007707596844575803 0.0007721705981114821
55.5 0.01519195302444049 0.08715489953077937 22.21361932624309 0.9346776439294407 0.007630765978318805 0.0007644596708650025
55.6 0.015041573642110577 0.08672247010466946 22.222291573253557 0.9350425441865429 0.007554702334722286 0.0007568260143001067
55.7 0.01489267513322332 0.08629216399309766 22.23092078965287 0.9354056338539498 0.007479398225764184 0.0007492688488394436
55.800000000000004 0.01474524306596665 0.08586397109954398 22.239507186762822 0.9357669218234024 0.007404846040980046 0.0007417874028724185
55.900000000000006 0.014599263146193836 0.08543788137060117 22.248050974899883 0.9361264169443414 0.007331038246672628 0.0007343809126718444
56.0 0.014454721216169092 0.08501388479586465 22.25655236337947 0.9364841280240861 0.007257967385126237 0.0007270486223114901
56.1 0.014311603253323597 0.08459197140782214 22.265011560520254 0.9368400638280162 0.007185626073831069 0.0007197897835845369
56.2 0.01416989536902158 0.08417213128174188 22.27342877364843 0.9371942330797509 0.007114007004715459 0.0007126036559229162
56.300000000000004 0.014029583807336645 0.08375435453556025 22.281804209101985 0.9375466444613291 0.0070431029433862405 0.0007054895063175283
56.400000000000006 0.013890654943838059 0.08333863132976825 22.290138072234964 0.9378973066133882 0.00697290672837606 0.0006984466092393215
56.5 0.01375309528438712 0.08292495186729722 22.29843056742169 0.9382462281353424 0.006903411270399831 0.000691474246561235
56.6 0.013616891463943478 0.08251330639340385 22.30668189806103 0.9385934175855618 0.006834609551618713 0.000684571707480985
56.7 0.013482030245381327 0.08210368519555418 22.314892266580586 0.9389388834815486 0.006766494624910164 0.0006777382884446872
56.800000000000004 0.013348498518315469 0.08169607860330712 22.323061874440917 0.9392826343001153 0.006699059613148755 0.0006709732930713108
56.900000000000006 0.013216283297937042 0.0812904769881966 22.331190922139736 0.9396246784775603 0.00663229770849109 0.0006642760320779452
57.0 0.013085371723859138 0.08088687076361385 22.339279609216096 0.9399650244098453 0.006566202171670167 0.0006576458232058807
57.1 0.012955751058971825 0.08048525038468796 22.347328134254568 0.9403036804527702 0.006500766331297004 0.00065108199114748
57.2 0.012827408688307073 0.08008560634816682 22.355336694889385 0.9406406549221478 0.00643598358316883 0.0006445838674738527
57.300000000000004 0.012700332117912884 0.07968792919229638 22.363305487808613 0.9409759560939792 0.006371847389584223 0.0006381507905632985
57.400000000000006 0.012574508973737105 0.07929220949669995 22.371234708758283 0.9413095922046277 0.006308351278667631 0.0006317821055305285
57.5 0.012449927000520607 0.0788984378822566 22.37912455254651 0.941641571450992 0.00624548884369696 0.0006254771641566507
57.6 0.012326574060699681 0.0785066050109788 22.386975213047606 0.9419719019906797 0.0061832537424422514 0.0006192353248199033
57.7 0.01220443813331795 0.0781167015858899 22.394786883206194 0.9423005919421797 0.006121639696508771 0.0006130559524271462
57.800000000000004 0.012083507312947253 0.07772871835090057 22.402559755041285 0.9426276493850344 0.006060640490686978 0.0006069384183460737
57.900000000000006 0.011963769808617904 0.077342646090685 22.410294019650355 0.9429530823600109 0.006000249972310616 0.0006008821003381732
58.0 0.01184521394275788 0.07695847563055638 22.41798986721341 0.9432768988692718 0.005940462050620918 0.0005948863824923893
58.1 0.011727828150141171 0.07657619783634198 22.425647486997047 0.9435991068765469 0.0058812706961355035 0.0005889506551595122
58.2 0.011611600976845049 0.07619580361425768 22.43326706735847 0.9439197143073015 0.005822669940027083 0.0005830743148872631
58.300000000000004 0.011496521079216261 0.07581728391078205 22.440848795749552 0.9442387290489073 0.005764653873506651 0.000577256764356079
58.400000000000006 0.01138257722284613 0.07544062971253 22.448392858720805 0.9445561589508096 0.005707216647212845 0.0005714974123155884
58.5 0.011269758281554337 0.07506583204612581 22.455899441925418 0.9448720118246976 0.005650352470608691 0.0005657956735217603
58.6 0.011158053236381572 0.07469288197807597 22.463368730123225 0.9451862954446707 0.005594055611383318 0.0005601509686747343
58.7 0.011047451174590765 0.07432177061464146 22.47080090718469 0.9454990175474065 0.005538320394862416 0.0005545627243573107
58.800000000000004 0.010937941288677002 0.07395248910170976 22.47819615609486 0.9458101858323273 0.005483141203420557 0.0005490303729741034
58.900000000000006 0.010829512875385916 0.0735850286246663 22.485554658957327 0.9461198079617663 0.005428512475903845 0.000543553352691336
59.0 0.010722155334740645 0.0732193804082657 22.492876596998155 0.9464278915611334 0.005374428707056442 0.0005381311073772888
59.1 0.010615858169077194 0.07285553571650268 22.500162150569807 0.9467344442190799 0.005320884446951883 0.0005327630865433758
59.2 0.010510610982088145 0.07249348585248244 22.507411499155054 0.9470394734876637 0.005267874300434402 0.0005274487452858545
59.300000000000004 0.010406403477874781 0.07213322215829118 22.514624821370884 0.9473429868825128 0.005215392926560943 0.0005221875442281556
59.400000000000006 0.010303225460007292 0.0717747360148656 22.52180229497237 0.9476449918829892 0.005163435038051757 0.0005169789494638248
59.5 0.010201066830593391 0.07141801884186298 22.528944096856556 0.9479454959323512 0.005111995400747488 0.000511822432500079
59.6 0.01009991758935482 0.07106306209753004 22.53605040306631 0.9482445064379164 0.005061068833068847 0.0005067174702019545
59.7 0.009999767832712215 0.07070985727857261 22.543121388794166 0.9485420307712232 0.005010650205485013 0.0005016635447370586
59.800000000000004 0.009900607752877731 0.07035839592002412 22.55015722838617 0.9488380762681923 0.004960734439985542 0.0004966601435209019
59.900000000000006 0.00980242763695577 0.07000866959511433 22.55715809534568 0.949132650229287 0.00491131650955811 0.0004917067591628138
60.0 0.009705217866051614 0.06966066991513796 22.564124162337194 0.9494257599196736 0.004862391437671676 0.00048680288941243573
60.1 0.009608968914387773 0.06931438852932259 22.571055601190128 0.9497174125693815 0.0048139542977663876 0.00048194803710677333
60.2 0.009513671348428314 0.06896981712469706 22.577952582902597 0.9500076153734612 0.004766000212745243 0.00047714171011782353
60.300000000000004 0.009419315826010714 0.06862694742595912 22.584815277645195 0.9502963754921439 0.0047185243544757335 0.0004723834213007445
60.400000000000006 0.00932589309548556 0.06828577119534332 22.59164385476473 0.9505837000509985 0.0046715219432919355 0.0004676726884425838
60.5 0.009233393994863696 0.06794628023248843 22.59843848278798 0.9508695961410898 0.004624988247505135 0.0004630090342115434
60.6 0.009141809450971055 0.06760846637430498 22.60519932942541 0.9511540708191345 0.004578918582917478 0.00045839198610678596
60.7 0.00905113047861092 0.06727232149484258 22.611926561574894 0.9514371311076584 0.004533308312342056 0.0004538210764087715
60.800000000000004 0.00896134817973362 0.06693783750515706 22.61862034532541 0.9517187839951514 0.004488152845126913 0.0004492958421301169
60.900000000000006 0.008872453742613688 0.06660500635317772 22.625280845960727 0.9519990364362226 0.004443447636683959 0.0004448158249669792
61.0 0.008784438441034204 0.06627382002357418 22.631908227963084 0.9522778953517559 0.0043991881880237945 0.00044038057125094697
61.1 0.008697293633478544 0.06594427053762345 22.638502655016847 0.9525553676290625 0.00435537004529336 0.00043598963190144454
61.2 0.008611010762329254 0.06561634995307669 22.645064290012154 0.9528314601220357 0.004311988799320834 0.0004316425623786355
61.300000000000004 0.008525581353074168 0.06529005036402624 22.651593295048556 0.953106179651303 0.0042690400851632575 0.00042733892263682684
61.400000000000006 0.008440997013519505 0.06496536390077218 22.65808983143863 0.9533795330043786 0.0042265195816590904 0.00042307827707835724
61.5 0.008357249433010139 0.06464228272968917 22.6645540597116 0.9536515269358162 0.004184423010986162 0.0004188601945079796
61.6 0.008274330381656776 0.06432079905309314 22.67098613961691 0.9539221681673583 0.004142746138223678 0.0004146842480877188
61.7 0.008192231709570107 0.06400090510910805 22.677386230127823 0.9541914633880884 0.004101484770919082 0.0004105500152922046
61.800000000000004 0.008110945346101869 0.06368259317153263 22.683754489444976 0.9544594192545803 0.00406063475865787 0.00040645707786448026
61.900000000000006 0.008030463299092632 0.06336585554970686 22.690091074999945 0.9547260423910486 0.004020191992639711 0.0004024050217722665
62.0 0.007950777654126525 0.06305068458837908 22.696396143458784 0.9549913393894969 0.0039801524052584265 0.0003983934371646946
62.1 0.007871880573792471 0.06273707266757221 22.702669850725542 0.9552553168098656 0.003940511969685608 0.00039442191832948667
62.2 0.007793764296952336 0.06242501220245109 22.708912351945784 0.9555179811801814 0.0039012666994585553 0.0003904900636505925
62.300000000000004 0.007716421138015473 0.06211449564318893 22.715123801510103 0.9557793389967036 0.0038624126480734217 0.00038659747556626413
62.400000000000006 0.007639843486219958 0.061805515474834274 22.72130435305759 0.9560393967240712 0.0038239459085814566 0.00038274376052757544
62.5 0.007564023804920308 0.06149806421717804 22.727454159479308 0.956298160795448 0.003785862613190023 0.0003789285289573759
62.6 0.007488954630881598 0.061192134424620286 22.733573372921768 0.9565556376126699 0.003748158932866952 0.00037515139520967044
62.7 0.007414628573580093 0.060887718686037554 22.739662144790373 0.9568118335463892 0.0037108310769499997 0.0003714119775294325
62.800000000000004 0.0073410383145101265 0.060584809624649835 22.74572062575284 0.9570667549362186 0.003673875292759772 0.00036770989801283025
62.900000000000006 0.007268176606497353 0.060283399897887946 22.751748965742628 0.9573204080908762 0.0036372878652158698 0.0003640447825678752
63.0 0.007196036273018197 0.05998348219726076 22.757747313962355 0.9575727992883277 0.003601065116458724 0.0003604162608754775
63.1 0.007124610207525547 0.05968504924822274 22.763715818887178 0.9578239347759303 0.003565203405472783 0.00035682396635091285
63.2 0.007053891372780583 0.059388093810041516 22.76965462826818 0.9580738207705743 0.003529699127716497 0.0003532675361056897
63.300000000000004 0.006983872800190677 0.05909260867566551 22.775563889135746 0.9583224634588253 0.0034945487147540035 0.00034974661090981607
63.400000000000006 0.006914547589153408 0.05879858667159189 22.781443747802907 0.9585698689970649 0.0034597486338906183 0.00034626083515446016
63.5 0.006845908906406491 0.05850602065773441 22.78729434986868 0.9588160435116315 0.0034252953878131354 0.00034280985681499994
63.6 0.006777949985383715 0.05821490352729151 22.79311584022141 0.9590609930989606 0.0033911855142333956 0.00033939332741446024
63.7 0.006710664125576767 0.05792522820661463 22.798908363042074 0.9593047238257237 0.003357415585535113 0.0003360109019873295
63.800000000000004 0.006644044691902919 0.05763698765507666 22.80467206180758 0.9595472417289678 0.0033239822084237523 0.00033266223904375545
63.900000000000006 0.006578085114078477 0.05735017486494037 22.810407079294077 0.9597885528162537 0.003290882023582226 0.00032934700053411194
64.0 0.00651277888599803 0.057064782861227244 22.8161135575802 0.9600286630657936 0.0032581117053277625 0.00032606485181393654
64.10000000000001 0.00644811956511939 0.05678080470158639 22.821791638050357 0.9602675784265885 0.003225667961272716 0.0003228154616092332
64.2 0.0063841007718542005 0.05649823347616366 22.827441461397974 0.9605053048185651 0.0031935475319903196 0.0003195985019821358
64.3 0.006320716188964125 0.05621706230747087 22.833063167628723 0.9607418481327116 0.00316174719068173 0.0003164136482969286
64.4 0.006257959560962618 0.05593728435025523 22.838656896063746 0.9609772142312137 0.0031302637428485772 0.0003132605791864191
64.5 0.006195824693522282 0.0556588927913693 22.844222785342883 0.9612114089475898 0.003099094025966694 0.00031013897651866666
64.60000000000001 0.006134305452887535 0.055381880849640415 22.84976097342785 0.961444438086825 0.003068234909164585 0.000307048525364046
64.7 0.006073395765292899 0.05510624177574124 22.855271597605423 0.9616763074255055 0.0030376832929056353 0.00030398891396266406
64.8 0.006013089616386503 0.05483196885205976 22.860754794490628 0.9619070227119518 0.0030074361086712834 0.00030095983369210803
64.9 0.0059533810506590176 0.05455905539256988 22.86621070002988 0.9621365896663521 0.002977490318649942 0.0002979609790355308
65.0 0.005894264170877869 0.05428749474270234 22.871639449504155 0.9623650139808942 0.002947842915428336 0.0002949920475500685
65.10000000000001 0.005835733137526611 0.05401728027921533 22.877041177532078 0.9625923013198971 0.002918490921684367 0.0002920527398355817
65.2 0.005777782168249673 0.05374840541006623 22.882416018073084 0.962818457319943 0.0028894313898851793 0.0002891427595037282
65.3 0.005720405537302028 0.05348086357428247 22.887764104430513 0.9630434875900075 0.002860661401987648 0.0002862618131473462
65.4 0.005663597575004189 0.053214648241833695 22.893085569254694 0.9632673977115896 0.0028321780691417386 0.0002834096103101649
65.5 0.00560735266720216 0.052949752913503574 22.898380544546043 0.9634901932388424 0.0028039785313961844 0.00028058586345682196
65.60000000000001 0.005551665254732396 0.05268617112076183 22.903649161658123 0.9637118796987012 0.0027760599574088163 0.000277790287943194
65.7 0.005496529832891839 0.05242389642563704 22.908891551300684 0.9639324625910117 0.002748419544158772 0.00027502260198703497
65.8 0.005441940950912765 0.05216292242058896 22.914107843542745 0.9641519473886601 0.0027210545166610305 0.0002722825266389151
65.9 0.005387893211442641 0.05190324272838182 22.919298167815583 0.9643703395376979 0.00269396212768527 0.0002695697857534642
66.0 0.005334381270028784 0.051644851001957516 22.92446265291578 0.9645876444574709 0.0026671396574770604 0.0002668841059609116
66.10000000000001 0.005281399834607806 0.051387740924309006 22.92960142700821 0.9648038675407451 0.0026405844134803854 0.0002642252166389164
66.2 0.0052289436649998865 0.051131906208354325 22.93471461762904 0.965019014153832 0.002614293730066607 0.0002615928498846953
66.3 0.005177007572407723 0.0508773405968105 22.939802351688723 0.9652330896367148 0.0025882649682611044 0.0002589867404874316
66.4 0.005125586418920176 0.050624037862067935 22.944864755474928 0.9654460993031729 0.0025624955154782453 0.00025640662590097367
66.5 0.005074675117020623 0.05037199180606532 22.949901954655534 0.9656580484409062 0.0025369827852537033 0.0002538522462168146
66.60000000000001 0.005024268629099799 0.050121196260164216 22.95491407428155 0.9658689423116589 0.0025117242169843353 0.0002513233441373482
66.7 0.004974361966973332 0.04987164508502468 22.959901238790053 0.9660787861513428 0.002486717275666181 0.0002488196649494043
66.8 0.004924950191403693 0.04962333217048052 22.964863572007104 0.9662875851701603 0.002461959451639367 0.0002463409564980537
66.9 0.004876028411626687 0.04937625143541522 22.969801197150645 0.9664953445527261 0.0024374482603322463 0.00024388696916068442
67.0 0.004827591784882438 0.049130396827638374 22.974714236833407 0.9667020694581894 0.0024131812420099957 0.0002414574558213481
67.10000000000001 0.004779635515950635 0.04888576232376168 22.97960281306578 0.9669077650203551 0.002389155961525128 0.00023905217184536372
67.2 0.004732154856690321 0.048642341929076155 22.98446704725869 0.9671124363478041 0.0023653700080707918 0.00023667087505419097
67.3 0.0046851451055838775 0.04840012967742895 22.989307060226434 0.9673160885240135 0.0023418209949358807 0.00023431332570055536
67.4 0.00463860160728537 0.048159119631100866 22.994122972189544 0.9675187266074768 0.0023185065592633827 0.00023197928644383403
67.5 0.004592519752173147 0.04791930588068418 22.998914902777614 0.9677203556318222 0.0022954243618116456 0.00022966852232569323
67.60000000000001 0.004546894975906582 0.0476806825449604 23.003682971032106 0.9679209806059316 0.002272572086716335 0.00022738080074597415
67.7 0.004501722758987134 0.04744324377077907 23.008427295409184 0.9681206065140593 0.0022499474412560894 0.00022511589143883252
67.8 0.004456998626323386 0.047206983732936095 23.01314799378248 0.9683192383159485 0.0022275481556205375 0.0002228735664491158
67.9 0.004412718146800308 0.04697189663405294 23.017845183445885 0.968516880946949 0.002205371982680347 0.00022065360010898967
68.0 0.004368876932852561 0.04673797670445609 23.02251898111633 0.9687135393181336 0.0021834166977596423 0.00021845576901480184
68.10000000000001 0.004325470640041782 0.04650521820205654 23.027169502936534 0.9689092183164144 0.0021616800984104513 0.00021627985200418218
68.2 0.004282494966637953 0.046273615412230074 23.031796864477755 0.9691039228046582 0.002140160004189865 0.0002141256301333818
68.3 0.004239945653204627 0.04604316264769736 23.036401180742526 0.9692976576218016 0.002118854256439668 0.00021199288665484003
68.4 0.004197818482188181 0.04581385424840493 23.040982566167365 0.9694904275829651 0.00209776071806735 0.00020988140699498552
68.5 0.0041561092775108995 0.04558568458140614 23.045541134625505 0.9696822374795682 0.0020768772733300448 0.0002077909787322635
68.60000000000001 0.00411481390416792 0.04535864804074258 23.050076999429578 0.9698730920794417 0.0020562018276198387 0.00020572139157538748
68.7 0.004073928267828017 0.045132739047325815 23.054590273334313 0.970062996126942 0.002035732307253021 0.00020367243734181585
68.8 0.0040334483144381485 0.04490795204881953 23.059081068539193 0.9702519543430626 0.002015466659259258 0.0002016439099364474
68.9 0.003993370029831771 0.04468428151952189 23.063549496691145 0.9704399714255467 0.0019954028511747117 0.00019963560533053533
69.0 0.0039536894393408925 0.04446172196024853 23.06799566888717 0.970627052048999 0.0019755388708349747 0.00019764732154081978
69.10000000000001 0.0039144026074117546 0.0442402678982155 23.07241969567699 0.9708132008649961 0.0019558727261733888 0.00019567885860886965
69.2 0.0038755056372242335 0.044019913886923 23.076821687065685 0.9709984225021978 0.0019364024450186405 0.00019373001858064018
69.3 0.003836994670314802 0.04380065450603907 23.08120175251629 0.9711827215664566 0.0019171260748951798 0.00019180060548623675
69.4 0.0037988658862030985 0.04358248436128383 23.085560000952416 0.9713661026409277 0.0018980416828259152 0.00018989042531988666
69.5 0.003761115502022106 0.04336539808431433 23.089896540760847 0.9715485702861782 0.0018791473551376266 0.00018799928602011826
69.60000000000001 0.0037237397721517204 0.0431493903326091 23.09421147979411 0.9717301290402957 0.0018604411972663235 0.00018612699745013746
69.7 0.0036867349878559625 0.04293445578935386 23.098504925373046 0.9719107834189955 0.0018419213335665475 0.00018427337137841076
69.8 0.0036500974769235303 0.04272058916332692 23.102776984289378 0.9720905379157302 0.0018235859071210618 0.00018243822145944257
69.9 0.003613823603311833 0.04250778518878532 23.107027762808258 0.9722693970017954 0.0018054330795541562 0.00018062136321475054
70.0 0.0035779097667944276 0.042296038625351355 23.11125736667079 0.9724473651264367 0.0017874610308453436 0.00017882261401403645
70.10000000000001 0.0035423524026117607 0.042085344257899095 23.115465901096584 0.9726244467169567 0.001769667959145337 0.00017704179305654574
70.2 0.003507147981125348 0.041875696896441904 23.11965347078623 0.9728006461788193 0.0017520520805943106 0.0001752787213526232
70.3 0.0034722930074751255 0.04166709137601955 23.12382017992383 0.9729759678957568 0.0017346116291414432 0.0001735332217054502
70.4 0.003437784021240191 0.04145952255658639 23.127966132179488 0.9731504162298734 0.0017173448563673032 0.00017180511869297396
70.5 0.003403617596102731 0.041252985322899546 23.132091430711778 0.9733239955217501 0.0017002500313057398 0.00017009423865001872
70.60000000000001 0.0033697903395151566 0.04104747458440748 23.13619617817022 0.9734967100905484 0.0016833254402710636 0.00016840040965057873
70.7 0.0033362988923704654 0.04084298527513914 23.140280476697733 0.9736685642341137 0.0016665693866829547 0.00016672346149029433
70.8 0.003303139928675698 0.04063951235359314 23.144344427933092 0.9738395622290791 0.0016499801908967744 0.0001650632256691036
70.9 0.0032703101552285837 0.04043705080262768 23.148388133013356 0.9740097083309662 0.0016335561900336084 0.00016341953537407362
71.0 0.0032378063112972456 0.04023559562935067 23.152411692576294 0.974179006774289 0.0016172957378112664 0.00016179222546240592
71.10000000000001 0.0032056251683029763 0.04003514186501015 23.156415206762794 0.9743474617726537 0.0016011972043796857 0.00016018113244461367
71.2 0.0031737635295060753 0.03983568456488526 23.16039877521928 0.9745150775188614 0.0015852589761560672 0.00015858609446787257
71.3 0.0031422182296946717 0.039637218808177443 23.1643624971001 0.9746818581850079 0.0015694794556609759 0.00015700695129953953
71.4 0.003110986134876549 0.0394397396979021 23.16830647106989 0.9748478079225839 0.001553857061358508 0.0001554435443108395
71.5 0.00308006414197394 0.03924324236078067 23.172230795305968 0.9750129308625749 0.0015383902274958637 0.00015389571646072032
71.60000000000001 0.0030494491785212127 0.03904772194713293 23.17613556750068 0.9751772311155608 0.0015230774039456621 0.00015236331227986858
71.7 0.003019138202365505 0.038853173630769886 23.180020884863758 0.9753407127718143 0.0015079170560497713 0.000150846177854891
71.8 0.0029891282013701993 0.038659592608886864 23.183886844124647 0.9755033799013995 0.0014929076644637686 0.00014934416081265544
71.9 0.0029594161931212545 0.03846697410195696 23.187733541534843 0.9756652365542693 0.0014780477250045869 0.00014785711030479063
72.0 0.002929999224636406 0.038275313353625245 23.191561072870208 0.9758262867603642 0.0014633357484980145 0.0001463848769923466
72.10000000000001 0.002900874372077071 0.03808460563060271 23.19536953343327 0.9759865345297078 0.0014487702606292708 0.00014492731303060593
72.2 0.0028720387404631274 0.037894846222561236 23.199159018055525 0.9761459838525047 0.0014343498017937702 0.0001434842720540547
72.3 0.002843489463390359 0.03770603044202849 23.202929621099727 0.9763046386992359 0.0014200729269505182 0.00014205560916150277
72.4 0.002815223702750664 0.03751815362428343 23.20668143646216 0.9764625030207547 0.0014059382054754763 0.00014064118090135653
72.5 0.002787238648454956 0.03733121112725219 23.210414557574882 0.976619580748382 0.0013919442210180042 0.0001392408452570415
72.60000000000001 0.0027595315181586926 0.0371451983314041 23.214129077408025 0.9767758757940016 0.0013780895713582705 0.0001378544616325716
72.7 0.0027320995569901315 0.0369601106396486 23.21782508847199 0.9769313920501537 0.00136437286826541 0.00013648189083826794
72.8 0.002704940037281104 0.03677594347723185 23.221502682819715 0.9770861333901296 0.0013507927373578755 0.00013512299507661827
72.9 0.0026780502583004704 0.03659269229163434 23.22516195204888 0.9772401036680652 0.0013373478179644202 0.00013377763792828427
73.0 0.0026514275459901086 0.036410352552468564 23.228802987304125 0.9773933067190339 0.0013240367629881679 0.0001324456843382486
73.10000000000001 0.0026250692527034444 0.036228919751377105 23.232425879279262 0.9775457463591394 0.0013108582387698752 0.00013112700060210233
73.2 0.0025989727569465325 0.03604838940193121 23.236030718219457 0.977697426385608 0.0012978109249531626 0.0001298214543524732
73.3 0.0025731354631216012 0.03586875703952955 23.239617593923413 0.9778483505768801 0.0012848935143527224 0.0001285289145455892
73.4 0.0025475548012731143 0.03569001822129764 23.24318659574554 0.9779985226927022 0.0012721047128218285 0.00012724925144798075
73.5 0.002522228226836264 0.035512168525987424 23.24673781259814 0.9781479464742175 0.0012594432391221557 0.00012598233662331686
73.60000000000001 0.0024971532203878805 0.03533520355387726 23.250271332953528 0.9782966256440567 0.0012469078247946837 0.00012472804291937352
73.7 0.0024723272873997957 0.035159118926672464 23.253787244846194 0.978444563906428 0.0012344972140316869 0.00012348624445513654
73.8 0.0024477479579945367 0.03498391028740596 23.257285635874936 0.9785917649472069 0.0012222101635509179 0.00012225681660803304
73.9 0.002423412786703416 0.03480957330033949 23.26076659320497 0.9787382324340252 0.0012100454424701053 0.00012103963600129332
74.0 0.0023993193522269733 0.03463610365086533 23.264230203570055 0.9788839700163606 0.0011980018321823126 0.00011983458049144104
74.10000000000001 0.0023754652571976904 0.03446349704540799 23.267676553274597 0.9790289813256251 0.0011860781262339405 0.00011864152915590924
74.2 0.0023518481279450566 0.034291749211326744 23.271105728195728 0.9791732699752517 0.0011742731302035962 0.00011746036228078262
74.3 0.002328465614262865 0.03412085589681819 23.27451781378541 0.9793168395607843 0.001162585661580938 0.00011629096134866338
74.4 0.002305315389178785 0.033950812870819344 23.27791289507249 0.9794596936599634 0.0011510145496483886 0.00011513320902665972
74.5 0.002282395148726185 0.033781615922911276 23.281291056664784 0.9796018358328136 0.001139558635362047 0.00011398698915449787
74.60000000000001 0.002259702611718111 0.03361326086322265 23.284652382751105 0.9797432696217293 0.0011282167712370244 0.00011285218673275072
74.7 0.002237235519523526 0.033445743522334245 23.28799695710334 0.9798839985515619 0.0011169878212299812 0.00011172868791118987
74.8 0.0022149916358456608 0.03327905975118333 23.291324863078458 0.9800240261297049 0.0011058706606265315 0.00011061637997725207
74.9 0.002192968746502548 0.033113205420968746 23.294636183620554 0.9801633558461786 0.001094864175925739 0.00010951515134462422
75.0 0.002171164659209686 0.0329481764230563 23.297931001262857 0.9803019911737161 0.0010839672647310374 0.0001084248915419438
75.10000000000001 0.002149577203364776 0.03278396866888431 23.301209398129746 0.9804399355678468 0.001073178835636577 0.00010734549120161185
75.2 0.0021282042298346134 0.03262057808987 23.304471455938735 0.980577192466981 0.0010624978081189927 0.00010627684204872228
75.3 0.0021070436107439696 0.03245800063731567 23.307717256002466 0.980713765292493 0.0010519231124281594 0.000105218836890099
75.4 0.002086093239266596 0.03229623228231581 23.3109468792307 0.9808496574488054 0.0010414536894798121 0.0001041713696034477
75.5 0.002065351029418215 0.0321352690156642 23.314160406132263 0.9809848723234705 0.0010310884907481508 0.00010313433512661514
75.60000000000001 0.0020448149158515333 0.03197510684776154 23.31735791681704 0.9811194132872547 0.0010208264781623165 0.00010210762944695711
75.7 0.0020244828536532594 0.03181574180852349 23.32053949099789 0.9812532836942186 0.0010106666239992953 0.00010109114959081474
75.8 0.002004352818143066 0.03165716994728892 23.32370520799262 0.9813864868818002 0.0010006079107826899 0.00010008479361309608
75.9 0.0019844228046745436 0.03149938733272874 23.326855146725894 0.9815190261708957 0.00099064933117937 9.908846058696375e-05
76.0 0.0019646908284380693 0.031342390052754986 23.329989385731167 0.9816509048659402 0.0009807898878987677 9.810205059362643e-05
76.10000000000001 0.0019451549242655835 0.03118617421443021 23.333108003152613 0.9817821262549892 0.0009710285935912694 9.712546471223317e-05
76.2 0.001925813146437298 0.031030735943877466 23.336211076747002 0.9819126936097974 0.0009613644707514822 9.61586050098703e-05
76.3 0.0019066635684902506 0.030876071386190397 23.33929868388562 0.9820426101858996 0.0009517965516163731 9.520137453165868e-05
76.4 0.0018877042830287424 0.030722176705343832 23.342370901556155 0.98217187922269 0.0009423238780713916 9.425367729095122e-05
76.5 0.0018689334015366305 0.030569048084104863 23.34542780636457 0.9823005039435012 0.0009329455015522462 9.331541825963009e-05
76.60000000000001 0.0018503490541914188 0.030416681723944006 23.348469474536962 0.9824284875556824 0.0009236604829495537 9.238650335850004e-05
76.7 0.0018319493896801922 0.03026507384494702 23.35149598192146 0.9825558332506783 0.0009144678925152533 9.146683944778076e-05
76.80000000000001 0.0018137325750173174 0.030114220685726847 23.35450740399003 0.982682544204107 0.0009053668097682283 9.055633431769312e-05
76.9 0.0017956967953639436 0.02996411850333615 23.357503815840364 0.9828086235758374 0.0008963563234029126 8.965489667914235e-05
77.0 0.001777840253849244 0.02981476357318002 23.36048529219768 0.9829340745100665 0.0008874355311963316 8.876243615449355e-05
77.10000000000001 0.0017601611713934056 0.0296661521889291 23.363451907416575 0.9830589001353965 0.0008786035399183487 8.787886326844085e-05
77.2 0.0017426577865323597 0.029518280662433234 23.36640373548282 0.9831831035649108 0.0008698594652417893 8.700408943896948e-05
77.30000000000001 0.0017253283552441973 0.029371145323635214 23.36934085001518 0.9833066878962501 0.0008612024316528861 8.613802696840709e-05
77.4 0.001708171150777298 0.029224742520485087 23.37226332426723 0.983429656211689 0.0008526315723644874 8.528058903456732e-05
77.5 0.0016911844634801257 0.029079068618854745 23.375171231129116 0.9835520115782106 0.0008441460292275894 8.443168968198103e-05
77.60000000000001 0.0016743666006326804 0.028934120002452816 23.37806464312936 0.9836737570475816 0.0008357449526460764 8.359124381321638e-05
77.7 0.001657715886279625 0.028789893072740172 23.380943632436633 0.9837948956564279 0.00082742750149145 8.275916718028788e-05
77.80000000000001 0.0016412306610649908 0.028646384248845358 23.38380827086152 0.9839154304263075 0.0008191928430167704 8.193537637614858e-05
77.9 0.0016249092820685518 0.028503589967480866 23.386658629858264 0.9840353643637854 0.0008110401527752498 8.111978882627198e-05
78.0 0.0016087501226437536 0.02836150668285937 23.38949478052655 0.9841547004605075 0.0008029686145357268 8.031232278031563e-05
78.10000000000001 0.0015927515722572493 0.028220130866610536 23.39231679361321 0.9842734416932728 0.0007949774202012396 7.951289730387032e-05
78.2 0.001576912036330005 0.02807945900769818 23.39512473951398 0.9843915910241074 0.0007870657697279217 7.872143227029215e-05
78.30000000000001 0.00156122993607993 0.02793948761233758 23.397918688275215 0.9845091514003369 0.0007792328710441099 7.793784835261568e-05
78.4 0.0015457037083660963 0.02780021320391353 23.400698709595606 0.9846261257546577 0.000771477939971886 7.716206701555096e-05
78.5 0.001530331805534417 0.027661632322898238 23.403464872827897 0.9847425170052103 0.0007638002001473862 7.639401050755818e-05
78.60000000000001 0.00151511269526489 0.02752374152677003 23.406217246980574 0.98485832805565 0.0007561988829428793 7.563360185300409e-05
78.7 0.0015000448604203086 0.0273865373899322 23.408955900719565 0.9849735617952178 0.0007486732273896116 7.488076484439734e-05
78.80000000000001 0.001485126798896448 0.027250016503632138 23.41168090236993 0.9850882210988126 0.0007412224801016436 7.413542403470044e-05
78.9 0.0014703570234737373 0.027114175475881037 23.414392319917518 0.9852023088270602 0.0007338458951998979 7.339750472972102e-05
79.0 0.0014557340616703583 0.026979010931373653 23.417090221010653 0.9853158278263845 0.000726542734237978 7.266693298057782e-05
79.10000000000001 0.0014412564555968041 0.026844519511408694 23.419774672961793 0.9854287809290772 0.0007193122661265313 7.19436355762441e-05
79.2 0.0014269227618118525 0.026710697873809405 23.422445742749176 0.985541170953367 0.0007121537670613833 7.122754003616513e-05
79.30000000000001 0.001412731551179941 0.026577542692844472 23.42510349701846 0.9856530007034888 0.0007050665204498833 7.05185746029498e-05
79.4 0.0013986814087299571 0.02644505065914941 23.427748002084375 0.9857642729697534 0.0006980498168393549 6.981666823513661e-05
79.5 0.0013847709335153904 0.02631321847964812 23.430379323932343 0.9858749905286149 0.0006911029538457576 6.912175060003149e-05
79.60000000000001 0.0013709987384758673 0.02618204287747489 23.43299752822009 0.9859851561427391 0.0006842252360834542 6.843375206661791e-05
79.7 0.0013573634503000474 0.026051520591896814 23.435602680279278 0.9860947725610724 0.0006774159750944139 6.775260369853896e-05
79.80000000000001 0.0013438637092898435 0.025921648378236323 23.438194845117103 0.9862038425189081 0.0006706744892806275 6.707823724714875e-05
79.9 0.0013304981692259952 0.025792423007794316 23.440774087417882 0.9863123687379547 0.0006640001038340744 6.641058514463485e-05
80.0 0.0013172654972349403 0.02566384126777342 23.44334047154466 0.9864203539264016 0.0006573921506704554 6.574958049720901e-05
80.10000000000001 0.0013041643736569975 0.025535899961201657 23.44589406154078 0.9865278007789872 0.0006508499683612557 6.509515707836644e-05
80.2 0.0012911934919158609 0.02540859590685661 23.448434921131465 0.9866347119770633 0.0006443729020669093 6.444724932221386e-05
80.30000000000001 0.0012783515583893355 0.025281925939189594 23.450963113725386 0.9867410901886632 0.0006379603034725114 6.380579231686281e-05
80.4 0.0012656372922813727 0.02515588690825045 23.45347870241621 0.9868469380685653 0.0006316115307211925 6.31707217978907e-05
80.5 0.0012530494254953486 0.02503047567961253 23.455981749984172 0.9869522582583599 0.000625325948351594 6.254197414186721e-05
80.60000000000001 0.0012405867025085861 0.02490568913429807 23.458472318897602 0.9870570533865135 0.0006191029272312301 6.191948635994558e-05
80.7 0.001228247880248108 0.02478152416870387 23.460950471314472 0.9871613260684335 0.0006129418444965049 6.130319609151825e-05
80.80000000000001 0.0012160317279676079 0.02465797769452726 23.463416269083922 0.9872650789065328 0.0006068420834877266 6.0693041597936355e-05
80.9 0.0012039370271256403 0.024535046638692583 23.465869773747794 0.9873683144902943 0.0006008030336891134 6.008896175629261e-05
81.0 0.0011919625712649832 0.024412727943277694 23.468311046542123 0.9874710353963331 0.0005948240906659052 5.949089605326575e-05
81.10000000000001 0.0011801071658931988 0.024291018565441 23.470740148398665 0.9875732441884615 0.0005889046560046923 5.889878457902719e-05
81.2 0.0011683696283643831 0.024169915477348935 23.4731571399464 0.9876749434177522 0.0005830441372532904 5.8312568021209956e-05
81.30000000000001 0.0011567487877620398 0.024049415666103406 23.47556208151301 0.9877761356225998 0.0005772419478612803 5.7732187658936115e-05
81.4 0.0011452434847831336 0.023929516133669875 23.477955033126378 0.9878768233287845 0.0005714975071203169 5.7157585356905723e-05
81.5 0.0011338525716232727 0.023810213896805637 23.48033605451606 0.9879770090495338 0.00056581024010699 5.6588703559544575e-05
81.60000000000001 0.001122574911863015 0.023691505986988406 23.48270520511476 0.988076695285585 0.0005601795776248993 5.602548528521051e-05
81.7 0.0011114093803553098 0.02357338945034538 23.485062544059794 0.988175884525246 0.0005546049561468377 5.5467874120458744e-05
81.80000000000001 0.0011003548631140032 0.02345586134758222 23.487408130194552 0.9882745792444573 0.0005490858177596344 5.491581421436284e-05
81.9 0.0010894102572035016 0.023338918753912977 23.489742022069944 0.9883727819068527 0.0005436216101059935 5.4369250272895325e-05
82.0 0.0010785744706294591 0.02322255875898971 23.492064277945843 0.9884704949638206 0.0005382117863315483 5.3828127553362316e-05
82.10000000000001 0.0010678464222305777 0.02310677846683282 23.494374955792523 0.9885677208545633 0.000532855805028357 5.3292391858895176e-05
82.2 0.001057225041571456 0.022991574995761557 23.4966741132921 0.988664462006159 0.0005275531301812808 5.2761989532997356e-05
82.30000000000001 0.001046709268836493 0.022876945478324823 23.498961807839933 0.9887607208336195 0.0005223032311141354 5.223686745414548e-05
82.4 0.0010362980547248457 0.02276288706123243 23.501238096546054 0.9888564997399514 0.0005171055824359496 5.1716973030445385e-05
82.5 0.0010259903603463912 0.022649396905286365 23.50350303623658 0.9889518011162148 0.000511959663988995 5.1202254194340404e-05
82.60000000000001 0.0010157851571187503 0.022536472185312746 23.505756683455115 0.9890466273415828 0.0005068649607962578 5.069265939737424e-05
82.7 0.0010056814266653 0.022424110090093874 23.507999094464125 0.9891409807833988 0.0005018209630100156 5.018813760500572e-05
82.80000000000001 0.000995678160714188 0.02231230782230054 23.510230325246354 0.9892348637972368 0.0004968271658599671 4.968863829147492e-05
82.9 0.0009857743609983523 0.022201062598424793 23.512450431506196 0.9893282787269583 0.0004918830696035768 4.919411143472173e-05
83.0 0.0009759690391565199 0.022090371648712928 23.514659468671066 0.9894212279047708 0.0004869881794757518 4.870450751135498e-05
83.10000000000001 0.0009662612166351762 0.021980232217098803 23.516857491892775 0.9895137136512849 0.00048214200563840193 4.821977749167181e-05
83.2 0.0009566499245915057 0.021870641561137452 23.51904455604889 0.9896057382755723 0.0004773440631324398 4.77398728347273e-05
83.30000000000001 0.00094713420379728 0.021761596951938984 23.521220715744082 0.9896973040752218 0.00047259387182855514 4.726474548345321e-05
83.4 0.0009377131045437055 0.02165309567410288 23.523386025311495 0.9897884133363973 0.0004678909563788751 4.679434785982609e-05
83.5 0.0009283856865471883 0.021545135025652407 23.52554053881406 0.9898790683338929 0.0004632348461696184 4.632863286008322e-05
83.60000000000001 0.0009191510188560386 0.021437712317969454 23.527684310045856 0.9899692713311908 0.00045862507527419193 4.586755384998663e-05
83.7 0.0009100081797581057 0.02133082487572979 23.52981739253343 0.9900590245805155 0.00045406118240617194 4.5411064660135444e-05
83.80000000000001 0.0009009562566892938 0.021224470036838302 23.531939839537113 0.9901483303228906 0.00044954271087239305 4.4959119581323814e-05
83.9 0.0008919943461430038 0.021118645152364814 23.53405170405235 0.9902371907881938 0.0004450692085283661 4.451167335994626e-05
84.0 0.0008831215535804551 0.021013347586480064 23.536153038810998 0.9903256081952122 0.00044064022773235983 4.4068681193448856e-05
84.10000000000001 0.0008743369933418937 0.020908574716392 23.538243896282637 0.9904135847516969 0.00043625532530025725 4.363009872582588e-05
84.2 0.0008656397885586819 0.020804323932282466 23.540324328675865 0.9905011226544177 0.00043191406246162977 4.3195882043161975e-05
84.30000000000001 0.0008570290710662316 0.020700592637243886 23.54239438793959 0.9905882240892175 0.00042761600481525347 4.276598766921778e-05
84.4 0.0008485039813178321 0.02059737824721671 23.54445412576431 0.9906748912310663 0.00042336072228595496 4.234037256106175e-05
84.5 0.0008400636682992906 0.02049467819092667 23.546503593583402 0.990761126244115 0.00041914778908178676 4.191899410474369e-05
84.60000000000001 0.0008317072894444372 0.02039248990982265 23.548542842574385 0.990846931281749 0.0004149767836499793 4.1501810111013016e-05
84.7 0.0008234340105514542 0.020290810858014697 23.550571923660186 0.9909323084866415 0.0004108472886368869 4.108877881107914e-05
84.80000000000001 0.00081524300570003 0.02018963850221234 23.55259088751041 0.9910172599908061 0.0004067588908437117 4.067985885241472e-05
84.9 0.0008071334571693391 0.020088970321663315 23.554599784542575 0.9911017879156501 0.0004027111811867775 4.027500929460094e-05
85.0 0.000799104555356808 0.01998880380809227 23.556598664923385 0.9911858943720269 0.0003987037546561353 3.987418960521363e-05
85.10000000000001 0.0007911554986977109 0.01988913646564012 23.558587578569952 0.9912695814602879 0.0003947362102748329 3.947735965575177e-05
85.2 0.0007832854935855428 0.0197899658108035 23.560566575151032 0.9913528512703347 0.0003908081510585141 3.908447971760607e-05
85.30000000000001 0.0007754937542931724 0.01969128937237443 23.56253570408827 0.9914357058816711 0.00038691918397590477 3.869551045806768e-05
85.4 0.0007677795028947864 0.019593104691380415 23.56449501455741 0.9915181473634542 0.00038306891990929606 3.831041293637736e-05
85.5 0.0007601419691885955 0.019495409321024726 23.56644455548951 0.9916001777745457 0.0003792569736161353 3.792914859981394e-05
85.60000000000001 0.0007525803906203049 0.019398200826627 23.568384375572172 0.9916817991635629 0.00037548296368917155 3.755167927982212e-05
85.7 0.0007450940122073405 0.019301476785564108 23.57031452325073 0.9917630135689299 0.0003717465125197077 3.717796718817863e-05
85.80000000000001 0.0007376820864638195 0.019205234787211267 23.57223504672945 0.9918438230189272 0.0003680472462581854 3.6807974913197136e-05
85.9 0.0007303438733262702 0.019109472432883516 23.57414599397274 0.9919242295317425 0.00036438479477832067 3.64416654159712e-05
86.0 0.0007230786400800718 0.019014187335777352 23.576047412706316 0.9920042351155207 0.0003607587916383514 3.607900202665425e-05
86.10000000000001 0.0007158856612866248 0.018919377120912635 23.577939350418408 0.9920838417684136 0.0003571688740465007 3.5719948440777224e-05
86.2 0.0007087642187112552 0.018825039425074987 23.579821854360915 0.9921630514786292 0.0003536146828219979 3.5364468715603354e-05
86.30000000000001 0.0007017136012518042 0.018731171896758145 23.58169497155059 0.9922418662244811 0.0003500958623613157 3.5012527266518616e-05
86.4 0.0006947331048679416 0.018637772196106777 23.5835587487702 0.9923202879744378 0.00034661206060085175 3.466408886345889e-05
86.5 0.0006878220325111724 0.018544837994859547 23.58541323256969 0.992398318687171 0.00034316292898338484 3.431911862737266e-05
86.60000000000001 0.0006809796940555302 0.018452366976292368 23.58725846926732 0.9924759603116043 0.0003397481224213074 3.397758202671917e-05
86.7 0.0006742054062289664 0.018360356835162087 23.589094504950836 0.9925532147869618 0.0003363672992632997 3.363944487400169e-05
86.80000000000001 0.0006674984925453938 0.01826880527765012 23.590921385478598 0.9926300840428157 0.0003330201212600018 3.3304673322334837e-05
86.9 0.0006608582832374351 0.018177710021306796 23.592739156480732 0.9927065699991349 0.0003297062535295735 3.297323386204743e-05
87.0 0.0006542841151898026 0.018087068794995536 23.59454786336023 0.9927826745663312 0.00032642536452425126 3.264509331731805e-05
87.10000000000001 0.0006477753318733559 0.017996879338837552 23.596347551294112 0.9928583996453084 0.0003231771259974589 3.232021884284504e-05
87.2 0.0006413312832798053 0.01790713940415673 23.598138265234525 0.9929337471275081 0.0003199612129710272 3.199857792054955e-05
87.30000000000001 0.0006349513258570586 0.017817846753424762 23.59992004990987 0.9930087188949577 0.0003167773037018575 3.168013835631149e-05
87.4 0.0006286348224452134 0.01772899916020661 23.60169294982589 0.9930833168203156 0.0003136250796506921 3.136486827673853e-05
87.5 0.0006223811422131657 0.01764059440910603 23.603457009266798 0.9931575427669191 0.00031050422544932974 3.105273612596642e-05
87.60000000000001 0.0006161896605958659 0.017552630295711608 23.60521227229637 0.9932313985888301 0.00030741442886950447 3.0743710662492545e-05
87.7 0.0006100597592321844 0.01746510462654296 23.606958782759023 0.9933048861308805 0.00030435538079176273 3.0437760956040483e-05
87.80000000000001 0.0006039908259033841 0.01737801521899702 23.608696584280924 0.9933780072287194 0.0003013267751740065 3.0134856384455642e-05
87.9 0.0005979822544722142 0.01729135990129484 23.610425720271053 0.9934507637088567 0.00029832830902136687 2.9834966630632535e-05
88.0 0.0005920334448225987 0.01720513651242847 23.612146233922296 0.9935231573887102 0.00029535968235485483 2.9538061679472426e-05
88.10000000000001 0.0005861438027999223 0.01711934290210816 23.613858168212506 0.9935951900766498 0.0002924205981828978 2.924411181487143e-05
88.2 0.0005803127401519064 0.017033976930709786 23.61556156590558 0.9936668635720426 0.00028951076247009854 2.89530876167388e-05
88.30000000000001 0.0005745396744700695 0.016949036469222512 23.6172564695525 0.9937381796652971 0.0002866298841086578 2.8664959958044833e-05
88.4 0.0005688240291317702 0.0168645193991968 23.61894292149242 0.9938091401379087 0.0002837776748886853 2.8379700001898677e-05
88.5 0.0005631652332428146 0.01678042361269248 23.62062096385369 0.9938797467625028 0.00028095384947006343 2.809727919865478e-05
88.60000000000001 0.0005575627215806355 0.016696747012227193 23.62229063855491 0.9939500013028795 0.0002781581253529779 2.7817669283048522e-05
88.7 0.0005520159345380431 0.01661348751072518 23.623951987305986 0.9940199055140571 0.00027539022285033435 2.7540842271360903e-05
88.80000000000001 0.0005465243180675127 0.01653064303146603 23.62560505160913 0.9940894611423153 0.00027264986505895223 2.7266770458610715e-05
88.9 0.0005410873236260387 0.016448211508033918 23.627249872759933 0.9941586699252398 0.00026993677783308936 2.6995426415775426e-05
89.0 0.0005357044081205282 0.016366190884266996 23.628886491848363 0.9942275335917642 0.0002672506897556337 2.672678298703955e-05
89.10000000000001 0.0005303750338537342 0.01628457911420701 23.63051494975978 0.9942960538622131 0.0002645913321116254 2.6460813287070574e-05
89.2 0.0005250986684707293 0.01620337416204923 23.632135287175984 0.9943642324483456 0.0002619584388615558 2.6197490698322314e-05
89.30000000000001 0.0005198747849058939 0.016122574002092438 23.633747544576195 0.994432071053397 0.000259351746613888 2.5936788868364472e-05
89.4 0.0005147028613304534 0.016042176618689456 23.635351762238063 0.9944995713721214 0.000256770994599353 2.5678681707240097e-05
89.5 0.0005095823811005082 0.01596218000619759 23.636947980238684 0.9945667350908342 0.00025421592464457826 2.5423143384848188e-05
89.60000000000001 0.0005045128327055957 0.01588258216892952 23.638536238455575 0.9946335638874527 0.0002516862811469371 2.5170148328353273e-05
89.7 0.0004994937097177536 0.01580338112110433 23.64011657656769 0.9947000594315398 0.00024918181104773083 2.4919671219620517e-05
89.80000000000001 0.0004945245107410893 0.015724574886798837 23.64168903405637 0.9947662233843434 0.00024670226380714714 2.4671686992676496e-05
89.9 0.0004896047393618512 0.015646161499899124 23.643253650206358 0.9948320573988391 0.00024424739138054945 2.442617083119561e-05
90.0 0.00048473390409898225 0.01556813900405219 23.64481046410676 0.9948975631197707 0.00024181694819143423 2.418309816601088e-05
90.10000000000001 0.0004799115183551797 0.015490505452618061 23.646359514652023 0.9949627421836913 0.00023941069110860704 2.3942444672650466e-05
90.2 0.0004751371003684301 0.015413258908621988 23.647900840542885 0.9950275962190036 0.00023702837942080355 2.3704186268898396e-05
90.30000000000001 0.0004704101731640193 0.015336397444706813 23.649434480287354 0.9950921268460007 0.0002346697748135302 2.3468299112379436e-05
90.4 0.0004657302645070279 0.015259919143085717 23.650960472201664 0.9951563356769064 0.00023233464134390575 2.3234759598168444e-05
90.5 0.00046109690685529 0.015183822095495092 23.652478854411214 0.9952202243159148 0.00023002274541838845 2.3003544356423463e-05
90.60000000000001 0.00045650963731281967 0.015108104403147663 23.65398966485153 0.9952837943592311 0.0002277338557682819 2.2774630250042428e-05
90.7 0.0004519679975836988 0.01503276417668585 23.6554929412692 0.9953470473951098 0.00022546774342779372 2.254799437234324e-05
90.80000000000001 0.0004474715339264192 0.014957799536135307 23.656988721222813 0.9954099850038961 0.00022322418170931754 2.2323614044767083e-05
90.9 0.0004430197971086826 0.014883208610858793 23.6584770420839 0.9954726087580633 0.00022100294618237833 2.2101466814604774e-05
91.0 0.00043861234236263955 0.014808989539510107 23.65995794103785 0.9955349202222532 0.00021880381465080035 2.1881530452745445e-05
91.10000000000001 0.0004342487293405751 0.014735140469988318 23.66143145508485 0.9955969209533146 0.00021662656713009647 2.1663782951447964e-05
91.2 0.00042992852207104167 0.014661659559392342 23.662897621040784 0.9956586125003416 0.0002144709858249677 2.1448202522134874e-05
91.30000000000001 0.0004256512889154104 0.014588544973975479 23.664356475538185 0.995719996404713 0.00021233685510913344 2.1234767593207702e-05
91.4 0.00042141660252486554 0.014515794889100382 23.665808055027092 0.9957810742001295 0.00021022396150194154 2.102345680788461e-05
91.5 0.000417224039797819 0.014443407489194145 23.66725239577601 0.995841847412653 0.00020813209364775292 2.0814249022059478e-05
91.60000000000001 0.000413073181837748 0.014371380967703625 23.66868953387278 0.9959023175607438 0.0002060610422955479 2.060712330218219e-05
91.7 0.000408963613911453 0.01429971352705104 23.670119505225486 0.9959624861552986 0.0002040106002762 2.040205892316052e-05
91.80000000000001 0.00040489492540771914 0.014228403378589587 23.671542345563342 0.9960223546996876 0.00020198056248374617 2.019903536628219e-05
91.9 0.000400866709796404 0.014157448742559586 23.6729580904376 0.9960819246897933 0.00019997072585310364 1.9998032317158726e-05
92.0 0.0003968785645879129 0.014086847848044518 23.674366775222403 0.9961411976140458 0.00019798088934067237 1.979902966368879e-05
92.10000000000001 0.0003929300912930879 0.014016598932927487 23.675768435115696 0.9962001749534615 0.00019601085390438225 1.9602007494042536e-05
92.2 0.0003890208953834887 0.013946700243847802 23.67716310514008 0.9962588581816787 0.00019406042248307334 1.9406946094665782e-05
92.30000000000001 0.00038515058625206757 0.013877150036157776 23.6785508201437 0.9963172487649951 0.00019212939997731858 1.9213825948304163e-05
92.4 0.00038131877717423833 0.01380794657387981 23.679931614801085 0.9963753481624035 0.00019021759322924704 1.9022627732047158e-05
92.5 0.0003775250852693199 0.01373908812966348 23.68130552361405 0.9964331578256292 0.00018832481100436495 1.8833332315391196e-05
92.60000000000001 0.0003737691314623762 0.013670572984743107 23.682672580912524 0.9964906791991655 0.0001864508639709334 1.864592075832263e-05
92.7 0.0003700505404464255 0.013602399428895358 23.684032820855414 0.9965479137203088 0.00018459556468267642 1.8460374309419617e-05
92.80000000000001 0.0003663689406450235 0.013534565760397034 23.685386277431455 0.9966048628191961 0.00018275872755793584 1.827667440397269e-05
92.9 0.0003627239641752218 0.013467070285983172 23.68673298446005 0.996661527918839 0.0001809401688632662 1.8094802662124524e-05
93.0 0.00035911524681089065 0.013399911320805273 23.688072975592135 0.9967179104351606 0.00017913970669358785 1.791474088702794e-05
93.10000000000001 0.0003555424279464061 0.013333087188389756 23.689406284310973 0.9967740117770288 0.00017735716095433753 1.773647106302244e-05
93.2 0.00035200515056069614 0.013266596220596604 23.690732943933032 0.9968298333462937 0.00017559235334395183 1.7559975353828884e-05
93.30000000000001 0.00034850306118164363 0.013200436757578206 23.69205298760879 0.9968853765378205 0.00017384510733512882 1.7385236100762188e-05
93.4 0.0003450358098508446 0.013134607147738462 23.693366448323566 0.9969406427395254 0.00017211524815830952 1.7212235820961924e-05
93.5 0.00034160305008870993 0.013069105747691958 23.694673358898335 0.9969956333324096 0.00017040260278238352 1.7040957205640393e-05
93.60000000000001 0.0003382044388599164 0.01300393092222341 23.695973751990557 0.9970503496905937 0.00016870699989972394 1.6871383118348246e-05
93.7 0.00033483963653920554 0.012939081044247415 23.69726766009498 0.9971047931813523 0.00016702826990689198 1.670349659325772e-05
93.80000000000001 0.0003315083068775095 0.01287455449476815 23.69855511554446 0.9971589651651478 0.00016536624488900487 1.6537280833462436e-05
93.9 0.00032821011696842356 0.012810349662839489 23.69983615051074 0.9972128669956641 0.00016372075860243804 1.637271920929459e-05
94.0 0.00032494473721500543 0.012746464945525199 23.701110797005295 0.9972665000198406 0.000162091646458304 1.6209795256658784e-05
94.10000000000001 0.0003217118412969051 0.012682898747859361 23.702379086880082 0.9973198655779055 0.00016047874550570863 1.604849267538243e-05
94.2 0.0003185111061378228 0.012619649482807017 23.703641051828363 0.9973729650034092 0.00015888189441556243 1.588879532758282e-05
94.30000000000001 0.0003153422118732822 0.012556715571224869 23.704896723385488 0.9974257996232577 0.00015730093346516836 1.5730687236050016e-05
94.4 0.0003122048418187353 0.012494095441822414 23.706146132929668 0.9974783707577454 0.00015573570452058873 1.5574152582646588e-05
94.5 0.000309098682437971 0.012431787531123008 23.70738931168278 0.9975306797205882 0.00015418605102278686 1.5419175706722578e-05
94.60000000000001 0.00030602342331184526 0.012369790283425287 23.708626290711123 0.9975827278189563 0.00015265181797032593 1.526574110354676e-05
94.7 0.00030297875710731816 0.012308102150764718 23.7098571009262 0.9976345163535061 0.0001511328519048441 1.5113833422753352e-05
94.80000000000001 0.00029996437954679753 0.012246721592875326 23.711081773085485 0.9976860466184131 0.00014962900089519584 1.4963437466804232e-05
94.9 0.0002969799893777908 0.012185647077151685 23.712300337793202 0.9977373199014048 0.00014814011452237092 1.4814538189466655e-05
95.0 0.0002940252883428488 0.012124877078610917 23.713512825501063 0.9977883374837913 0.00014666604386463468 1.4667120694305748e-05
95.10000000000001 0.00029109998114981825 0.01206441007985509 23.71471926650905 0.9978391006404981 0.00014520664148244604 1.4521170233192514e-05
95.2 0.0002882037754423839 0.012004244571033695 23.715919690966153 0.997889610640098 0.00014376176140381907 1.4376672204826527e-05
95.30000000000001 0.0002853363817709009 0.01194437904980625 23.71711412887113 0.9979398687448422 0.00014233125910912954 1.4233612153273158e-05
95.4 0.0002824975135635207 0.01188481202130519 23.718302610073263 0.9979898762106921 0.00014091499151780808 1.4091975766515708e-05
95.5 0.0002796868870976013 0.011825541998098888 23.71948516427307 0.9980396342873505 0.00013951281697281286 1.3951748875021793e-05
95.60000000000001 0.0002769042214714009 0.011766567500154854 23.720661821023086 0.9980891442182928 0.00013812459522732212 1.381291745032406e-05
95.7 0.00027414923857605367 0.011707887054803136 23.721832609728565 0.9981384072407973 0.0001367501874303167 1.3675467603615112e-05
95.80000000000001 0.00027142166306782085 0.01164949919669985 23.722997559648235 0.9981874245859773 0.00013538945611260564 1.3539385584356299e-05
95.9 0.0002687212223406221 0.011591402467790989 23.724156699895016 0.9982361974788109 0.00013404226517318524 1.3404657778900649e-05
96.0 0.0002660476464988322 0.011533595417276266 23.72531005943674 0.9982847271381713 0.00013270847986593046 1.3271270709129164e-05
96.10000000000001 0.00026340066833035396 0.011476076601573248 23.7264576670969 0.9983330147768581 0.00013138796678517585 1.3139211031101025e-05
96.2 0.00026078002327995523 0.011418844584281617 23.72759955155533 0.9983810616016268 0.00013008059385373897 1.3008465533717107e-05
96.30000000000001 0.0002581854494228708 0.011361897936147614 23.72873574134894 0.9984288688132186 0.00012878623030838983 1.2879021137396842e-05
96.4 0.00025561668743866834 0.01130523523502869 23.729866264872445 0.9984764376063916 0.00012750474668776242 1.275086489276838e-05
96.5 0.0002530734805853675 0.011248855065858203 23.73099115037903 0.9985237691699492 0.00012623601481893406 1.2623983979371494e-05
96.60000000000001 0.0002505555746738242 0.011192756020610478 23.73211042598109 0.9985708646867706 0.0001249799078041153 1.2498365704373815e-05
96.7 0.000248062718042364 0.01113693669826591 23.73322411965092 0.9986177253338397 0.0001237363000092267 1.2373997501299711e-05
96.80000000000001 0.00024559466153166654 0.011081395704776238 23.734332259221397 0.9986643522822747 0.00012250506704981158 1.2250866928771644e-05
96.9 0.00024315115845990185 0.011026131653030038 23.7354348723867 0.9987107466973575 0.00012128608577972324 1.2128961669264357e-05
97.0 0.00024073196459811245 0.010971143162818367 23.736531986702982 0.9987569097385621 0.00012007923427870225 1.200826952787136e-05
97.10000000000001 0.00023833683814583918 0.010916428860800569 23.737623629589063 0.9988028425595846 0.00011888439183962026 1.1888778431083688e-05
97.2 0.00023596553970698942 0.010861987380470239 23.73870982832711 0.9988485463083707 0.00011770143895627873 1.1770476425580875e-05
97.30000000000001 0.00023361783226594449 0.010807817362121375 23.739790610063324 0.9988940221271453 0.00011653025731265074 1.1653351677033947e-05
97.4 0.0002312934811639055 0.010753917452814706 23.7408660018086 0.9989392711524399 0.00011537072976979107 1.1537392468920454e-05
97.5 0.00022899225407547132 0.010700286306344129 23.741936030439234 0.9989842945151224 0.00011422274035430039 1.1422587201351125e-05
97.60000000000001 0.00022671392098544976 0.010646922583203322 23.743000722697555 0.9990290933404242 0.00011308617424778857 1.1308924389908299e-05
97.7 0.0002244582541659034 0.010593824950552643 23.74406010519261 0.9990736687479683 0.000111960917773673 1.1196392664496132e-05
97.80000000000001 0.00022222502815341536 0.010540992082185988 23.745114204400828 0.9991180218517978 0.00011084685838730762 1.1084980768201903e-05
97.9 0.0002200140197265868 0.01048842265849796 23.74616304666668 0.9991621537604032 0.00010974388466389116 1.0974677556168947e-05
98.0 0.00021782500788375557 0.010436115366451148 23.747206658203325 0.9992060655767498 0.00010865188628792958 1.0865471994480706e-05
98.10000000000001 0.00021565777382093578 0.010384068899543564 23.74824506509328 0.9992497583983062 0.00010757075404092188 1.0757353159055919e-05
98.2 0.00021351210090997863 0.010332281957776284 23.749278293289056 0.9992932333170705 0.00010650037979248755 1.0650310234554925e-05
98.30000000000001 0.00021138777467694434 0.010280753247621118 23.75030636861382 0.9993364914195986 0.00010544065648727487 1.054433251329656e-05
98.4 0.00020928458278069746 0.01022948148198865 23.751329316762018 0.9993795337870298 0.00010439147813642089 1.0439409394186323e-05
98.5 0.0002072023149917061 0.010178465380196223 23.752347163300037 0.9994223614951158 0.00010335273980512577 1.0335530381654765e-05
98.60000000000001 0.00020514076317105714 0.01012770366793621 23.75335993366683 0.9994649756142457 0.00010232433760300209 1.0232685084606753e-05
98.7 0.0002030997212496776 0.0100771950772444 23.754367653174555 0.9995073772094738 0.00010130616867398021 1.013086321538107e-05
98.80000000000001 0.00020107898520776215 0.01002693834646853 23.755370347009205 0.9995495673405457 0.00010029813118543615 1.0030054588720433e-05
98.9 0.0001990783530544075 0.009976932220237027 23.756368040231227 0.9995915470619241 9.93001243178745e-05 9.930249120751832e-06
99.0 0.00019709762480744312 0.009927175449427776 23.75736075777617 0.999633317422817 9.831204825561038e-05 9.831436827976797e-06
99.10000000000001 0.00019513660247346917 0.009877666791137196 23.758348524455286 0.999674879467202 9.733380417589682e-05 9.733607826272041e-06
99.2 0.000193195090028089 0.009828405008649394 23.75933136495615 0.9997162342338528 9.636529424005051e-05 9.636752329899927e-06
99.30000000000001 0.00019127289339633663 0.009779388871405427 23.76030930384329 0.9997573827563657 9.540642158291207e-05 9.540860650528645e-06
99.4 0.00018936982043330167 0.009730617154972794 23.761282365558788 0.999798326063185 9.445709030275016e-05 9.445923196262418e-06
99.5 0.00018748568090494474 0.009682088641015035 23.762250574422893 0.9998390651776283 9.351720545283087e-05 9.351930470681182e-06
99.60000000000001 0.00018562028646910406 0.009633802117261493 23.76321395463462 0.9998796011179125 9.258667303109956e-05 9.258873071889929e-06
99.7 0.0001837734506566901 0.009585756377477214 23.764172530272365 0.999919934897179 9.166539997108381e-05 9.166741691577469e-06
99.80000000000001 0.0001819449888530671 0.009537950221432986 23.76512632529451 0.9999600675235195 9.075329413290728e-05 9.075527114084596e-06
99.9 0.00018013471827962115 0.009490382454875598 23.766075363539997 1.0 8.985026429241604e-05 8.985220215481592e-06
